# subject number,age,sex,trial number,block number,condition,start lane,visonset lane,obstacle left,obstacle right,finish lane,response time,years drivers license,hours video games,sds17
1,20,2,1,1,3,2,2,7,2,1,0.528,4,2,7
1,20,2,2,1,3,2,2,3,5,2,100.000,4,2,7
1,20,2,3,1,3,1,1,4,3,1,100.000,4,2,7
1,20,2,4,1,3,2,2,7,6,1,0.246,4,2,7
1,20,2,5,1,3,2,2,3,6,2,100.000,4,2,7
1,20,2,6,1,3,2,2,6,2,1,0.530,4,2,7
1,20,2,7,1,3,2,2,5,2,1,0.524,4,2,7
1,20,2,8,2,4,2,2,4,3,1,2.118,4,2,7
1,20,2,9,2,4,1,1,7,4,1,100.000,4,2,7
1,20,2,10,2,4,2,2,1,6,2,100.000,4,2,7
1,20,2,11,2,4,2,2,5,3,1,1.986,4,2,7
1,20,2,12,2,4,2,2,3,1,1,1.538,4,2,7
1,20,2,13,2,4,2,2,4,2,1,1.338,4,2,7
1,20,2,14,2,4,2,2,4,1,1,1.650,4,2,7
1,20,2,15,3,2,1,1,5,6,2,2.060,4,2,7
1,20,2,16,3,2,1,1,4,2,1,100.000,4,2,7
1,20,2,17,3,2,2,2,7,6,1,1.126,4,2,7
1,20,2,18,3,2,2,2,2,6,2,100.000,4,2,7
1,20,2,19,3,2,2,2,2,7,2,100.000,4,2,7
1,20,2,20,3,2,2,2,1,7,2,100.000,4,2,7
1,20,2,21,3,2,1,1,1,6,2,0.880,4,2,7
1,20,2,22,4,1,1,1,1,4,2,0.916,4,2,7
1,20,2,23,4,1,1,1,2,1,1,100.000,4,2,7
1,20,2,24,4,1,1,1,7,2,1,100.000,4,2,7
1,20,2,25,4,1,2,2,7,6,1,0.874,4,2,7
1,20,2,26,4,1,2,2,6,2,1,0.738,4,2,7
1,20,2,27,4,1,2,2,4,2,1,1.038,4,2,7
1,20,2,28,4,1,2,2,3,1,1,0.976,4,2,7
3,18,1,1,1,2,1,1,6,5,1,100.000,1,0,13
3,18,1,2,1,2,2,2,6,2,1,2.566,1,0,13
3,18,1,3,1,2,1,1,5,1,1,100.000,1,0,13
3,18,1,4,1,2,1,1,3,1,1,100.000,1,0,13
3,18,1,5,1,2,1,1,4,5,1,2.934,1,0,13
3,18,1,6,1,2,2,2,4,7,2,100.000,1,0,13
3,18,1,7,1,2,1,1,3,7,2,2.064,1,0,13
3,18,1,8,2,1,2,2,7,1,1,0.930,1,0,13
3,18,1,9,2,1,2,2,5,4,2,100.000,1,0,13
3,18,1,10,2,1,1,1,2,3,1,100.000,1,0,13
3,18,1,11,2,1,2,2,5,6,2,100.000,1,0,13
3,18,1,12,2,1,2,2,3,4,2,100.000,1,0,13
3,18,1,13,2,1,2,2,1,3,2,100.000,1,0,13
3,18,1,14,2,1,2,2,6,7,2,100.000,1,0,13
3,18,1,15,3,3,2,2,5,6,1,1.086,1,0,13
3,18,1,16,3,3,1,1,4,2,1,100.000,1,0,13
3,18,1,17,3,3,2,2,2,3,2,0.562,1,0,13
3,18,1,18,3,3,2,2,6,7,2,100.000,1,0,13
3,18,1,19,3,3,1,1,4,7,2,0.622,1,0,13
3,18,1,20,3,3,1,1,1,6,2,0.372,1,0,13
3,18,1,21,3,3,2,2,1,2,2,100.000,1,0,13
3,18,1,22,4,4,2,2,7,1,1,0.500,1,0,13
3,18,1,23,4,4,1,1,3,6,1,100.000,1,0,13
3,18,1,24,4,4,1,1,6,4,1,100.000,1,0,13
3,18,1,25,4,4,2,2,2,4,2,100.000,1,0,13
3,18,1,26,4,4,2,2,7,5,1,0.400,1,0,13
3,18,1,27,4,4,2,2,2,6,1,0.992,1,0,13
3,18,1,28,4,4,1,1,2,3,2,1.774,1,0,13
4,21,2,8,2,3,2,2,7,3,1,0.852,4,0,11
4,21,2,9,2,3,2,2,2,6,2,100.000,4,0,11
4,21,2,10,2,3,2,2,6,3,1,0.822,4,0,11
4,21,2,11,2,3,2,2,1,3,2,100.000,4,0,11
4,21,2,12,2,3,2,2,4,6,2,100.000,4,0,11
4,21,2,13,2,3,1,1,3,4,2,0.832,4,0,11
4,21,2,14,2,3,1,1,7,5,1,100.000,4,0,11
4,21,2,1,1,4,2,2,3,5,2,100.000,4,0,11
4,21,2,2,1,4,2,2,1,4,2,100.000,4,0,11
4,21,2,3,1,4,1,1,1,2,2,3.728,4,0,11
4,21,2,4,1,4,2,2,4,5,2,100.000,4,0,11
4,21,2,5,1,4,2,2,2,7,2,100.000,4,0,11
4,21,2,6,1,4,2,2,6,1,1,3.562,4,0,11
4,21,2,7,1,4,2,2,1,3,2,100.000,4,0,11
4,21,2,22,4,1,1,1,2,7,2,0.554,4,0,11
4,21,2,23,4,1,2,2,2,4,2,1.040,4,0,11
4,21,2,24,4,1,1,1,1,2,2,1.572,4,0,11
4,21,2,25,4,1,2,2,5,2,1,0.802,4,0,11
4,21,2,26,4,1,2,2,7,4,1,0.830,4,0,11
4,21,2,27,4,1,2,2,2,6,2,100.000,4,0,11
4,21,2,28,4,1,1,1,4,1,1,1.256,4,0,11
4,21,2,15,3,2,1,1,2,4,2,1.064,4,0,11
4,21,2,16,3,2,1,1,6,1,1,100.000,4,0,11
4,21,2,17,3,2,2,2,1,4,2,100.000,4,0,11
4,21,2,18,3,2,2,2,5,2,1,1.280,4,0,11
4,21,2,19,3,2,1,1,3,4,2,1.686,4,0,11
4,21,2,20,3,2,2,2,6,7,2,100.000,4,0,11
4,21,2,21,3,2,1,1,6,3,1,100.000,4,0,11
5,29,2,1,1,2,1,1,4,6,2,1.692,9,6,14
5,29,2,2,1,2,1,1,3,5,2,1.024,9,6,14
5,29,2,3,1,2,2,2,1,2,2,100.000,9,6,14
5,29,2,4,1,2,2,2,5,7,2,100.000,9,6,14
5,29,2,5,1,2,2,2,2,3,1,3.254,9,6,14
5,29,2,6,1,2,2,2,7,1,1,0.958,9,6,14
5,29,2,7,1,2,2,2,7,2,1,0.708,9,6,14
5,29,2,8,2,1,2,2,3,6,2,100.000,9,6,14
5,29,2,9,2,1,2,2,3,5,2,100.000,9,6,14
5,29,2,10,2,1,1,1,7,5,1,100.000,9,6,14
5,29,2,11,2,1,2,2,6,1,1,0.976,9,6,14
5,29,2,12,2,1,1,1,1,5,2,0.776,9,6,14
5,29,2,13,2,1,1,1,3,7,2,0.738,9,6,14
5,29,2,14,2,1,2,2,6,4,1,0.598,9,6,14
5,29,2,15,3,4,1,2,4,7,2,-0.360,9,6,14
5,29,2,16,3,4,1,1,1,5,2,1.562,9,6,14
5,29,2,17,3,4,2,2,3,4,2,100.000,9,6,14
5,29,2,18,3,4,2,2,7,3,1,0.278,9,6,14
5,29,2,19,3,4,1,1,6,5,1,100.000,9,6,14
5,29,2,20,3,4,2,2,2,5,2,100.000,9,6,14
5,29,2,21,3,4,2,1,7,6,1,-0.392,9,6,14
5,29,2,22,4,3,2,2,2,5,2,100.000,9,6,14
5,29,2,23,4,3,2,2,5,3,1,0.824,9,6,14
5,29,2,24,4,3,1,1,5,1,1,100.000,9,6,14
5,29,2,25,4,3,2,2,7,1,1,0.256,9,6,14
5,29,2,26,4,3,1,1,5,4,1,100.000,9,6,14
5,29,2,27,4,3,2,2,2,7,2,100.000,9,6,14
5,29,2,28,4,3,1,1,4,1,1,100.000,9,6,14
6,21,1,8,2,4,2,2,4,6,2,100.000,4,0,9
6,21,1,9,2,4,2,2,6,3,1,2.680,4,0,9
6,21,1,10,2,4,1,1,5,2,1,100.000,4,0,9
6,21,1,11,2,4,2,2,2,1,2,100.000,4,0,9
6,21,1,12,2,4,2,2,5,1,1,1.618,4,0,9
6,21,1,13,2,4,1,1,1,7,2,1.886,4,0,9
6,21,1,14,2,4,1,1,3,1,1,100.000,4,0,9
6,21,1,1,1,3,1,1,5,2,1,100.000,4,0,9
6,21,1,2,1,3,1,1,3,2,1,100.000,4,0,9
6,21,1,3,1,3,1,1,3,7,2,0.418,4,0,9
6,21,1,4,1,3,2,2,7,4,1,0.112,4,0,9
6,21,1,5,1,3,1,1,6,4,1,0.556,4,0,9
6,21,1,6,1,3,1,1,7,6,1,100.000,4,0,9
6,21,1,7,1,3,1,1,2,1,1,100.000,4,0,9
6,21,1,22,4,2,2,2,5,4,1,1.488,4,0,9
6,21,1,23,4,2,2,2,5,6,2,100.000,4,0,9
6,21,1,24,4,2,2,2,4,2,1,1.944,4,0,9
6,21,1,25,4,2,1,1,7,5,1,100.000,4,0,9
6,21,1,26,4,2,2,2,3,6,2,100.000,4,0,9
6,21,1,27,4,2,2,2,7,3,1,1.004,4,0,9
6,21,1,28,4,2,1,1,2,7,2,0.840,4,0,9
6,21,1,15,3,1,1,1,1,6,2,0.978,4,0,9
6,21,1,16,3,1,1,1,6,2,1,100.000,4,0,9
6,21,1,17,3,1,1,1,1,7,2,0.748,4,0,9
6,21,1,18,3,1,1,1,4,2,1,100.000,4,0,9
6,21,1,19,3,1,1,1,6,3,1,100.000,4,0,9
6,21,1,20,3,1,2,2,1,4,2,100.000,4,0,9
6,21,1,21,3,1,1,1,4,6,2,1.286,4,0,9
7,20,1,1,1,1,1,1,2,5,2,0.740,0,0,9
7,20,1,2,1,1,2,2,5,1,1,0.858,0,0,9
7,20,1,3,1,1,2,2,5,7,2,100.000,0,0,9
7,20,1,4,1,1,1,1,6,5,1,100.000,0,0,9
7,20,1,5,1,1,1,1,7,6,1,100.000,0,0,9
7,20,1,6,1,1,1,1,5,3,1,1.334,0,0,9
7,20,1,7,1,1,1,1,4,3,1,100.000,0,0,9
7,20,1,8,2,2,2,2,1,6,2,100.000,0,0,9
7,20,1,9,2,2,2,2,1,5,2,100.000,0,0,9
7,20,1,10,2,2,1,1,1,7,2,0.868,0,0,9
7,20,1,11,2,2,2,2,6,4,1,1.166,0,0,9
7,20,1,12,2,2,1,1,7,6,1,100.000,0,0,9
7,20,1,13,2,2,2,2,5,3,1,1.092,0,0,9
7,20,1,14,2,2,2,2,1,3,2,3.694,0,0,9
7,20,1,15,3,4,1,1,7,2,1,100.000,0,0,9
7,20,1,16,3,4,2,2,7,4,1,3.438,0,0,9
7,20,1,17,3,4,1,1,3,7,2,3.752,0,0,9
7,20,1,18,3,4,2,1,3,2,1,3.416,0,0,9
7,20,1,19,3,4,1,1,6,2,1,3.930,0,0,9
7,20,1,20,3,4,1,1,5,3,1,3.540,0,0,9
7,20,1,21,3,4,1,1,5,4,1,3.596,0,0,9
7,20,1,22,4,3,1,1,6,5,1,100.000,0,0,9
7,20,1,23,4,3,2,1,1,4,1,1.060,0,0,9
7,20,1,24,4,3,2,1,2,4,2,0.586,0,0,9
7,20,1,25,4,3,1,1,1,7,2,0.538,0,0,9
7,20,1,26,4,3,1,1,3,6,2,0.510,0,0,9
7,20,1,27,4,3,2,2,5,7,2,100.000,0,0,9
7,20,1,28,4,3,2,2,1,5,2,1.140,0,0,9
8,19,1,1,1,1,2,2,7,2,1,1.012,3,0,13
8,19,1,2,1,1,2,2,7,3,1,0.678,3,0,13
8,19,1,3,1,1,1,1,3,1,1,100.000,3,0,13
8,19,1,4,1,1,2,2,2,1,1,1.152,3,0,13
8,19,1,5,1,1,1,1,4,5,2,1.020,3,0,13
8,19,1,6,1,1,1,1,4,7,2,0.882,3,0,13
8,19,1,7,1,1,2,2,3,2,1,1.138,3,0,13
8,19,1,8,2,2,1,1,3,2,1,100.000,3,0,13
8,19,1,9,2,2,1,1,2,5,2,0.924,3,0,13
8,19,1,10,2,2,1,1,2,1,1,100.000,3,0,13
8,19,1,11,2,2,1,1,4,1,1,100.000,3,0,13
8,19,1,12,2,2,2,2,4,3,1,2.158,3,0,13
8,19,1,13,2,2,1,1,2,6,2,0.936,3,0,13
8,19,1,14,2,2,1,1,7,4,1,100.000,3,0,13
8,19,1,15,3,4,1,2,5,7,2,-0.360,3,0,13
8,19,1,16,3,4,1,1,1,6,2,1.874,3,0,13
8,19,1,17,3,4,1,1,4,3,1,100.000,3,0,13
8,19,1,18,3,4,2,2,5,6,1,2.454,3,0,13
8,19,1,19,3,4,1,1,4,1,1,100.000,3,0,13
8,19,1,20,3,4,1,1,6,7,2,0.008,3,0,13
8,19,1,21,3,4,1,1,4,2,1,100.000,3,0,13
8,19,1,22,4,3,1,1,3,1,1,100.000,3,0,13
8,19,1,23,4,3,2,2,6,1,1,0.434,3,0,13
8,19,1,24,4,3,2,2,4,3,1,0.688,3,0,13
8,19,1,25,4,3,1,1,6,2,1,100.000,3,0,13
8,19,1,26,4,3,1,1,7,2,1,100.000,3,0,13
8,19,1,27,4,3,1,1,3,5,2,0.718,3,0,13
8,19,1,28,4,3,2,2,4,5,2,100.000,3,0,13
9,19,2,8,2,4,2,2,2,3,2,100.000,0,0,4
9,19,2,9,2,4,1,2,2,4,2,-7.776,0,0,4
9,19,2,10,2,4,1,1,3,5,2,1.674,0,0,4
9,19,2,11,2,4,2,2,6,4,1,2.500,0,0,4
9,19,2,12,2,4,1,1,4,5,2,0.546,0,0,4
9,19,2,13,2,4,2,2,1,5,2,-4.236,0,0,4
9,19,2,14,2,4,1,1,7,5,1,100.000,0,0,4
9,19,2,1,1,3,2,2,4,1,1,0.002,0,0,4
9,19,2,2,1,3,1,1,6,3,1,100.000,0,0,4
9,19,2,3,1,3,2,2,7,5,1,0.340,0,0,4
9,19,2,4,1,3,2,1,1,6,2,0.480,0,0,4
9,19,2,5,1,3,1,1,1,2,1,100.000,0,0,4
9,19,2,6,1,3,2,1,3,4,1,-2.242,0,0,4
9,19,2,7,1,3,1,1,2,7,2,0.836,0,0,4
9,19,2,22,4,2,1,1,6,2,1,100.000,0,0,4
9,19,2,23,4,2,2,2,4,6,2,100.000,0,0,4
9,19,2,24,4,2,1,1,6,7,2,1.036,0,0,4
9,19,2,25,4,2,1,1,7,1,1,100.000,0,0,4
9,19,2,26,4,2,2,2,3,4,1,2.448,0,0,4
9,19,2,27,4,2,2,2,2,4,2,100.000,0,0,4
9,19,2,28,4,2,2,2,3,5,2,100.000,0,0,4
9,19,2,15,3,1,1,1,6,4,1,100.000,0,0,4
9,19,2,16,3,1,1,1,5,6,1,100.000,0,0,4
9,19,2,17,3,1,2,2,7,5,1,0.942,0,0,4
9,19,2,18,3,1,1,1,6,1,1,100.000,0,0,4
9,19,2,19,3,1,1,1,2,4,2,1.176,0,0,4
9,19,2,20,3,1,1,1,6,7,2,0.936,0,0,4
9,19,2,21,3,1,1,1,7,4,1,100.000,0,0,4
10,20,2,8,2,4,1,1,7,6,1,100.000,2,7,12
10,20,2,9,2,4,1,1,2,6,2,1.776,2,7,12
10,20,2,10,2,4,1,1,1,4,2,2.680,2,7,12
10,20,2,11,2,4,2,2,1,2,2,100.000,2,7,12
10,20,2,12,2,4,2,2,4,7,2,100.000,2,7,12
10,20,2,13,2,4,1,2,1,3,2,-9.506,2,7,12
10,20,2,14,2,4,1,2,2,7,2,-13.092,2,7,12
10,20,2,1,1,3,1,2,2,3,2,-4.890,2,7,12
10,20,2,2,1,3,2,2,5,1,1,1.002,2,7,12
10,20,2,3,1,3,1,2,1,3,2,-6.866,2,7,12
10,20,2,4,1,3,1,2,7,3,1,0.502,2,7,12
10,20,2,5,1,3,1,2,5,3,1,1.024,2,7,12
10,20,2,6,1,3,1,2,2,6,2,-6.588,2,7,12
10,20,2,7,1,3,1,2,6,7,2,-7.262,2,7,12
10,20,2,22,4,2,1,1,5,2,1,100.000,2,7,12
10,20,2,23,4,2,1,1,4,7,2,1.208,2,7,12
10,20,2,24,4,2,2,2,3,1,1,2.682,2,7,12
10,20,2,25,4,2,2,2,6,3,1,2.690,2,7,12
10,20,2,26,4,2,2,2,3,7,2,100.000,2,7,12
10,20,2,27,4,2,1,1,1,2,1,100.000,2,7,12
10,20,2,28,4,2,2,2,6,5,2,100.000,2,7,12
10,20,2,15,3,1,1,1,5,2,1,100.000,2,7,12
10,20,2,16,3,1,2,2,4,1,2,100.000,2,7,12
10,20,2,17,3,1,1,1,3,6,2,0.912,2,7,12
10,20,2,18,3,1,2,2,1,5,2,100.000,2,7,12
10,20,2,19,3,1,2,2,2,7,2,100.000,2,7,12
10,20,2,20,3,1,1,1,2,6,2,0.736,2,7,12
10,20,2,21,3,1,2,2,3,7,2,100.000,2,7,12
11,19,2,1,1,2,2,2,4,5,2,100.000,2,1,11
11,19,2,2,1,2,1,1,5,7,2,1.262,2,1,11
11,19,2,3,1,2,1,1,7,2,1,100.000,2,1,11
11,19,2,4,1,2,2,2,6,1,1,1.978,2,1,11
11,19,2,5,1,2,1,1,1,4,1,100.000,2,1,11
11,19,2,6,1,2,1,1,2,3,1,100.000,2,1,11
11,19,2,7,1,2,2,2,5,1,2,100.000,2,1,11
11,19,2,8,2,1,1,1,3,5,1,100.000,2,1,11
11,19,2,9,2,1,1,1,1,3,1,100.000,2,1,11
11,19,2,10,2,1,1,1,3,4,1,100.000,2,1,11
11,19,2,11,2,1,1,1,7,1,1,100.000,2,1,11
11,19,2,12,2,1,2,2,2,3,2,100.000,2,1,11
11,19,2,13,2,1,2,2,1,2,2,100.000,2,1,11
11,19,2,14,2,1,1,1,5,4,1,100.000,2,1,11
11,19,2,15,3,3,2,2,4,7,2,100.000,2,1,11
11,19,2,16,3,3,2,2,5,4,2,100.000,2,1,11
11,19,2,17,3,3,1,2,7,1,1,0.362,2,1,11
11,19,2,18,3,3,1,2,4,6,2,-7.326,2,1,11
11,19,2,19,3,3,1,2,2,5,2,-6.626,2,1,11
11,19,2,20,3,3,1,1,5,6,1,100.000,2,1,11
11,19,2,21,3,3,2,2,4,2,2,100.000,2,1,11
11,19,2,22,4,4,2,2,3,6,2,100.000,2,1,11
11,19,2,23,4,4,2,2,6,5,2,-9.094,2,1,11
11,19,2,24,4,4,1,1,2,5,2,3.194,2,1,11
11,19,2,25,4,4,1,1,7,1,1,100.000,2,1,11
11,19,2,26,4,4,1,1,3,4,1,100.000,2,1,11
11,19,2,27,4,4,1,1,7,3,1,100.000,2,1,11
11,19,2,28,4,4,1,1,6,1,1,100.000,2,1,11
12,19,2,1,1,1,2,2,4,2,1,1.012,0,2,12
12,19,2,2,1,1,2,2,7,3,1,0.884,0,2,12
12,19,2,3,1,1,1,1,2,7,2,0.574,0,2,12
12,19,2,4,1,1,1,1,6,2,1,100.000,0,2,12
12,19,2,5,1,1,1,1,3,2,1,100.000,0,2,12
12,19,2,6,1,1,2,2,2,1,1,0.806,0,2,12
12,19,2,7,1,1,1,1,5,4,2,1.244,0,2,12
12,19,2,8,2,2,2,2,3,2,1,1.666,0,2,12
12,19,2,9,2,2,2,2,5,3,1,1.102,0,2,12
12,19,2,10,2,2,2,2,7,6,1,0.984,0,2,12
12,19,2,11,2,2,2,2,1,5,2,100.000,0,2,12
12,19,2,12,2,2,1,1,6,2,1,100.000,0,2,12
12,19,2,13,2,2,2,2,4,6,2,100.000,0,2,12
12,19,2,14,2,2,2,2,4,3,1,0.906,0,2,12
12,19,2,15,3,4,2,2,3,1,1,1.896,0,2,12
12,19,2,16,3,4,2,2,1,2,2,100.000,0,2,12
12,19,2,17,3,4,1,1,5,1,1,100.000,0,2,12
12,19,2,18,3,4,1,1,5,2,1,100.000,0,2,12
12,19,2,19,3,4,1,1,2,4,2,1.194,0,2,12
12,19,2,20,3,4,2,2,3,2,1,0.692,0,2,12
12,19,2,21,3,4,2,2,5,6,2,100.000,0,2,12
12,19,2,22,4,3,1,1,2,6,2,0.148,0,2,12
12,19,2,23,4,3,1,1,7,6,1,100.000,0,2,12
12,19,2,24,4,3,1,1,1,7,2,0.596,0,2,12
12,19,2,25,4,3,1,1,5,3,1,100.000,0,2,12
12,19,2,26,4,3,2,2,5,2,1,0.364,0,2,12
12,19,2,27,4,3,1,1,3,1,1,100.000,0,2,12
12,19,2,28,4,3,1,1,4,1,1,100.000,0,2,12
13,19,2,1,1,3,1,1,2,1,2,0.762,2,2,9
13,19,2,2,1,3,2,2,5,4,1,0.836,2,2,9
13,19,2,3,1,3,2,2,1,5,2,100.000,2,2,9
13,19,2,4,1,3,1,1,3,7,2,0.716,2,2,9
13,19,2,5,1,3,2,2,5,6,2,100.000,2,2,9
13,19,2,6,1,3,1,1,2,4,2,0.640,2,2,9
13,19,2,7,1,3,1,1,3,2,1,100.000,2,2,9
13,19,2,8,2,4,2,2,6,2,1,0.490,2,2,9
13,19,2,9,2,4,1,1,4,3,1,100.000,2,2,9
13,19,2,10,2,4,1,1,4,1,1,100.000,2,2,9
13,19,2,11,2,4,2,2,3,6,2,100.000,2,2,9
13,19,2,12,2,4,1,1,4,5,2,3.170,2,2,9
13,19,2,13,2,4,2,2,3,5,2,100.000,2,2,9
13,19,2,14,2,4,2,2,7,6,1,0.658,2,2,9
13,19,2,15,3,2,1,1,6,3,1,100.000,2,2,9
13,19,2,16,3,2,2,2,5,7,2,100.000,2,2,9
13,19,2,17,3,2,2,2,7,3,1,0.920,2,2,9
13,19,2,18,3,2,1,1,5,4,1,100.000,2,2,9
13,19,2,19,3,2,2,2,4,1,1,1.318,2,2,9
13,19,2,20,3,2,2,2,1,3,2,100.000,2,2,9
13,19,2,21,3,2,1,1,7,4,1,100.000,2,2,9
13,19,2,22,4,1,1,1,4,7,2,0.710,2,2,9
13,19,2,23,4,1,2,2,6,1,1,1.002,2,2,9
13,19,2,24,4,1,2,2,3,5,2,100.000,2,2,9
13,19,2,25,4,1,1,1,3,4,2,1.172,2,2,9
13,19,2,26,4,1,2,2,4,6,2,100.000,2,2,9
13,19,2,27,4,1,2,2,6,5,1,1.068,2,2,9
13,19,2,28,4,1,1,1,6,3,1,100.000,2,2,9
14,21,1,1,1,3,2,2,7,5,1,0.482,3,1,9
14,21,1,2,1,3,1,1,3,4,2,0.622,3,1,9
14,21,1,3,1,3,1,1,6,1,1,100.000,3,1,9
14,21,1,4,1,3,2,2,4,7,2,100.000,3,1,9
14,21,1,5,1,3,2,2,7,2,1,0.274,3,1,9
14,21,1,6,1,3,2,2,6,4,1,0.650,3,1,9
14,21,1,7,1,3,2,2,3,6,2,100.000,3,1,9
14,21,1,8,2,4,2,1,7,5,1,-0.026,3,1,9
14,21,1,9,2,4,1,1,7,4,1,100.000,3,1,9
14,21,1,10,2,4,2,2,1,6,2,100.000,3,1,9
14,21,1,11,2,4,2,2,7,1,1,0.500,3,1,9
14,21,1,12,2,4,1,1,6,4,1,100.000,3,1,9
14,21,1,13,2,4,1,1,7,2,1,100.000,3,1,9
14,21,1,14,2,4,1,1,7,3,1,100.000,3,1,9
14,21,1,15,3,2,2,2,5,2,1,1.636,3,1,9
14,21,1,16,3,2,1,1,2,4,2,2.618,3,1,9
14,21,1,17,3,2,2,2,2,1,1,2.796,3,1,9
14,21,1,18,3,2,1,1,2,7,2,1.086,3,1,9
14,21,1,19,3,2,2,2,6,1,1,1.372,3,1,9
14,21,1,20,3,2,2,2,6,5,1,1.690,3,1,9
14,21,1,21,3,2,1,1,7,1,1,100.000,3,1,9
14,21,1,22,4,1,1,1,6,7,2,1.022,3,1,9
14,21,1,23,4,1,2,2,5,2,1,1.054,3,1,9
14,21,1,24,4,1,2,2,1,5,2,100.000,3,1,9
14,21,1,25,4,1,2,2,1,3,2,100.000,3,1,9
14,21,1,26,4,1,1,1,5,7,2,0.960,3,1,9
14,21,1,27,4,1,2,2,7,1,1,0.844,3,1,9
14,21,1,28,4,1,2,2,1,4,2,100.000,3,1,9
15,18,2,1,1,4,2,2,2,3,2,2.556,0,1,8
15,18,2,2,1,4,1,1,1,5,2,2.398,0,1,8
15,18,2,3,1,4,1,1,2,7,2,2.388,0,1,8
15,18,2,4,1,4,2,2,1,3,2,1.706,0,1,8
15,18,2,5,1,4,2,2,6,3,1,3.158,0,1,8
15,18,2,6,1,4,2,1,6,5,1,2.210,0,1,8
15,18,2,7,1,4,2,2,6,1,1,0.378,0,1,8
15,18,2,8,2,3,2,2,2,7,2,100.000,0,1,8
15,18,2,9,2,3,1,1,3,5,2,1.094,0,1,8
15,18,2,10,2,3,1,1,4,3,2,1.178,0,1,8
15,18,2,11,2,3,1,1,1,2,2,0.964,0,1,8
15,18,2,12,2,3,2,2,6,5,1,0.758,0,1,8
15,18,2,13,2,3,1,1,7,1,1,100.000,0,1,8
15,18,2,14,2,3,2,1,5,1,2,1.006,0,1,8
15,18,2,15,3,1,2,2,1,2,2,100.000,0,1,8
15,18,2,16,3,1,2,2,1,7,2,100.000,0,1,8
15,18,2,17,3,1,1,1,7,4,1,100.000,0,1,8
15,18,2,18,3,1,1,1,2,6,2,1.252,0,1,8
15,18,2,19,3,1,2,2,2,4,1,1.376,0,1,8
15,18,2,20,3,1,1,1,7,6,1,100.000,0,1,8
15,18,2,21,3,1,2,2,4,1,1,1.410,0,1,8
15,18,2,22,4,2,1,1,7,2,1,100.000,0,1,8
15,18,2,23,4,2,2,2,6,7,2,100.000,0,1,8
15,18,2,24,4,2,2,2,1,2,2,2.512,0,1,8
15,18,2,25,4,2,2,2,2,5,2,100.000,0,1,8
15,18,2,26,4,2,2,2,3,5,2,100.000,0,1,8
15,18,2,27,4,2,1,1,1,7,2,1.024,0,1,8
15,18,2,28,4,2,2,2,5,1,1,1.420,0,1,8
16,20,2,8,2,4,1,1,1,4,2,1.538,3,0,14
16,20,2,9,2,4,1,1,3,4,2,2.588,3,0,14
16,20,2,10,2,4,2,2,1,7,2,100.000,3,0,14
16,20,2,11,2,4,2,2,5,7,2,100.000,3,0,14
16,20,2,12,2,4,1,1,4,7,2,0.310,3,0,14
16,20,2,13,2,4,2,2,2,1,2,100.000,3,0,14
16,20,2,14,2,4,2,2,6,7,2,100.000,3,0,14
16,20,2,1,1,3,2,2,7,4,1,0.314,3,0,14
16,20,2,2,1,3,1,1,7,3,1,100.000,3,0,14
16,20,2,3,1,3,2,2,4,5,1,0.596,3,0,14
16,20,2,4,1,3,1,1,6,7,2,0.470,3,0,14
16,20,2,5,1,3,1,1,6,2,1,100.000,3,0,14
16,20,2,6,1,3,2,2,6,3,1,0.650,3,0,14
16,20,2,7,1,3,1,1,2,3,2,0.334,3,0,14
16,20,2,22,4,2,2,2,6,4,1,1.028,3,0,14
16,20,2,23,4,2,2,2,3,7,2,100.000,3,0,14
16,20,2,24,4,2,2,2,3,1,1,1.312,3,0,14
16,20,2,25,4,2,2,2,2,3,2,100.000,3,0,14
16,20,2,26,4,2,1,1,4,2,1,100.000,3,0,14
16,20,2,27,4,2,1,1,2,6,2,1.178,3,0,14
16,20,2,28,4,2,1,1,4,7,2,1.056,3,0,14
16,20,2,15,3,1,1,1,2,3,1,1.312,3,0,14
16,20,2,16,3,1,1,1,3,6,2,0.944,3,0,14
16,20,2,17,3,1,1,1,7,2,1,100.000,3,0,14
16,20,2,18,3,1,2,2,5,6,2,100.000,3,0,14
16,20,2,19,3,1,2,2,5,3,1,1.112,3,0,14
16,20,2,20,3,1,2,2,1,6,2,100.000,3,0,14
16,20,2,21,3,1,1,1,7,5,1,100.000,3,0,14
17,20,1,8,2,3,2,2,4,6,1,0.404,3,0,11
17,20,1,9,2,3,1,1,4,2,1,100.000,3,0,11
17,20,1,10,2,3,2,2,5,7,2,100.000,3,0,11
17,20,1,11,2,3,1,1,1,3,2,0.872,3,0,11
17,20,1,12,2,3,1,1,1,4,2,0.354,3,0,11
17,20,1,13,2,3,1,1,1,6,2,0.696,3,0,11
17,20,1,14,2,3,2,2,2,5,2,100.000,3,0,11
17,20,1,1,1,4,1,1,4,6,2,1.136,3,0,11
17,20,1,2,1,4,1,1,5,4,1,100.000,3,0,11
17,20,1,3,1,4,2,2,2,6,2,100.000,3,0,11
17,20,1,4,1,4,1,1,3,7,2,0.590,3,0,11
17,20,1,5,1,4,1,1,2,5,2,0.578,3,0,11
17,20,1,6,1,4,2,2,5,3,1,2.052,3,0,11
17,20,1,7,1,4,1,1,4,2,1,100.000,3,0,11
17,20,1,22,4,1,1,1,4,5,2,1.480,3,0,11
17,20,1,23,4,1,2,2,2,5,2,100.000,3,0,11
17,20,1,24,4,1,2,2,6,4,1,1.050,3,0,11
17,20,1,25,4,1,2,2,3,1,1,1.494,3,0,11
17,20,1,26,4,1,1,1,4,3,1,100.000,3,0,11
17,20,1,27,4,1,2,2,3,7,2,100.000,3,0,11
17,20,1,28,4,1,2,2,5,1,1,0.910,3,0,11
17,20,1,15,3,2,2,2,5,6,2,100.000,3,0,11
17,20,1,16,3,2,2,2,1,4,2,100.000,3,0,11
17,20,1,17,3,2,2,2,7,5,1,1.356,3,0,11
17,20,1,18,3,2,1,1,3,6,2,1.084,3,0,11
17,20,1,19,3,2,2,2,1,6,2,100.000,3,0,11
17,20,1,20,3,2,1,1,4,5,2,0.900,3,0,11
17,20,1,21,3,2,2,2,3,4,2,100.000,3,0,11
18,20,1,1,1,1,2,2,3,4,1,1.310,2,0,12
18,20,1,2,1,1,1,1,4,2,1,1.270,2,0,12
18,20,1,3,1,1,1,1,6,5,1,1.564,2,0,12
18,20,1,4,1,1,1,1,5,2,1,100.000,2,0,12
18,20,1,5,1,1,2,2,3,2,1,0.822,2,0,12
18,20,1,6,1,1,1,1,3,5,2,1.350,2,0,12
18,20,1,7,1,1,2,2,5,7,2,100.000,2,0,12
18,20,1,8,2,2,1,1,5,3,1,100.000,2,0,12
18,20,1,9,2,2,1,1,1,3,2,1.192,2,0,12
18,20,1,10,2,2,1,1,7,3,1,100.000,2,0,12
18,20,1,11,2,2,1,1,1,5,2,1.208,2,0,12
18,20,1,12,2,2,2,2,2,7,2,100.000,2,0,12
18,20,1,13,2,2,1,1,2,1,1,100.000,2,0,12
18,20,1,14,2,2,1,1,7,6,1,100.000,2,0,12
18,20,1,15,3,4,1,1,7,5,1,100.000,2,0,12
18,20,1,16,3,4,2,2,5,1,1,1.102,2,0,12
18,20,1,17,3,4,2,2,5,2,1,0.434,2,0,12
18,20,1,18,3,4,1,1,3,2,1,100.000,2,0,12
18,20,1,19,3,4,2,2,4,3,2,100.000,2,0,12
18,20,1,20,3,4,2,1,4,1,1,-0.024,2,0,12
18,20,1,21,3,4,2,2,7,4,1,0.556,2,0,12
18,20,1,22,4,3,1,1,5,6,2,0.762,2,0,12
18,20,1,23,4,3,2,2,7,6,1,0.254,2,0,12
18,20,1,24,4,3,2,2,1,7,2,100.000,2,0,12
18,20,1,25,4,3,1,1,3,6,2,0.582,2,0,12
18,20,1,26,4,3,2,2,6,1,1,0.298,2,0,12
18,20,1,27,4,3,2,2,3,7,2,100.000,2,0,12
18,20,1,28,4,3,1,1,5,4,1,0.960,2,0,12
19,19,1,8,2,3,2,2,5,3,1,1.142,2,0,11
19,19,1,9,2,3,1,1,6,4,1,100.000,2,0,11
19,19,1,10,2,3,1,1,5,2,1,100.000,2,0,11
19,19,1,11,2,3,1,1,1,5,2,0.414,2,0,11
19,19,1,12,2,3,2,2,4,1,1,0.308,2,0,11
19,19,1,13,2,3,1,1,7,2,1,100.000,2,0,11
19,19,1,14,2,3,1,1,4,7,2,0.132,2,0,11
19,19,1,1,1,4,2,2,4,5,1,2.334,2,0,11
19,19,1,2,1,4,1,1,7,1,1,100.000,2,0,11
19,19,1,3,1,4,1,1,3,1,1,100.000,2,0,11
19,19,1,4,1,4,2,2,7,2,1,0.570,2,0,11
19,19,1,5,1,4,2,2,7,3,1,0.512,2,0,11
19,19,1,6,1,4,1,1,6,2,1,100.000,2,0,11
19,19,1,7,1,4,2,2,6,4,1,1.530,2,0,11
19,19,1,22,4,1,1,1,1,4,2,1.184,2,0,11
19,19,1,23,4,1,2,2,4,7,2,100.000,2,0,11
19,19,1,24,4,1,1,1,6,1,1,100.000,2,0,11
19,19,1,25,4,1,2,2,2,7,2,100.000,2,0,11
19,19,1,26,4,1,2,2,6,3,1,1.384,2,0,11
19,19,1,27,4,1,2,2,5,4,1,0.846,2,0,11
19,19,1,28,4,1,1,1,1,5,2,0.626,2,0,11
19,19,1,15,3,2,1,1,5,2,1,100.000,2,0,11
19,19,1,16,3,2,1,1,4,3,1,100.000,2,0,11
19,19,1,17,3,2,1,1,4,1,1,100.000,2,0,11
19,19,1,18,3,2,2,2,7,1,1,1.100,2,0,11
19,19,1,19,3,2,1,1,6,1,1,100.000,2,0,11
19,19,1,20,3,2,2,2,5,4,1,0.822,2,0,11
19,19,1,21,3,2,2,2,2,4,2,100.000,2,0,11
20,20,1,1,1,1,2,2,6,2,1,1.332,2,0,9
20,20,1,2,1,1,1,1,4,6,2,1.186,2,0,9
20,20,1,3,1,1,1,1,1,3,2,1.382,2,0,9
20,20,1,4,1,1,1,1,7,1,1,100.000,2,0,9
20,20,1,5,1,1,2,2,6,7,2,100.000,2,0,9
20,20,1,6,1,1,1,1,7,3,1,100.000,2,0,9
20,20,1,7,1,1,1,1,2,1,1,100.000,2,0,9
20,20,1,8,2,2,2,2,6,2,1,0.930,2,0,9
20,20,1,9,2,2,1,1,4,6,2,0.960,2,0,9
20,20,1,10,2,2,2,2,7,4,1,1.012,2,0,9
20,20,1,11,2,2,2,2,6,3,1,1.062,2,0,9
20,20,1,12,2,2,1,1,6,5,1,100.000,2,0,9
20,20,1,13,2,2,1,1,5,7,2,1.012,2,0,9
20,20,1,14,2,2,1,1,3,2,1,100.000,2,0,9
20,20,1,15,3,4,1,1,5,6,2,2.188,2,0,9
20,20,1,16,3,4,1,1,3,6,2,1.986,2,0,9
20,20,1,17,3,4,1,1,3,5,2,3.194,2,0,9
20,20,1,18,3,4,1,1,1,6,2,2.154,2,0,9
20,20,1,19,3,4,1,1,7,6,1,100.000,2,0,9
20,20,1,20,3,4,1,1,1,2,2,3.072,2,0,9
20,20,1,21,3,4,2,2,2,4,2,100.000,2,0,9
20,20,1,22,4,3,2,2,2,6,2,100.000,2,0,9
20,20,1,23,4,3,2,2,3,4,2,100.000,2,0,9
20,20,1,24,4,3,2,2,2,4,2,100.000,2,0,9
20,20,1,25,4,3,2,2,2,1,1,1.096,2,0,9
20,20,1,26,4,3,2,2,3,2,1,0.588,2,0,9
20,20,1,27,4,3,2,2,3,1,1,0.416,2,0,9
20,20,1,28,4,3,1,1,7,5,1,100.000,2,0,9
21,20,1,8,2,3,1,1,5,7,2,0.494,2,4,11
21,20,1,9,2,3,1,1,4,6,1,100.000,2,4,11
21,20,1,10,2,3,2,2,6,7,2,100.000,2,4,11
21,20,1,11,2,3,1,1,4,5,1,100.000,2,4,11
21,20,1,12,2,3,2,2,7,1,1,0.376,2,4,11
21,20,1,13,2,3,1,1,6,3,1,100.000,2,4,11
21,20,1,14,2,3,2,2,1,6,2,100.000,2,4,11
21,20,1,1,1,4,2,2,2,7,2,100.000,2,4,11
21,20,1,2,1,4,2,2,3,4,2,100.000,2,4,11
21,20,1,3,1,4,2,2,1,5,2,100.000,2,4,11
21,20,1,4,1,4,2,2,4,6,2,100.000,2,4,11
21,20,1,5,1,4,2,2,3,7,2,100.000,2,4,11
21,20,1,6,1,4,2,2,5,4,1,3.372,2,4,11
21,20,1,7,1,4,1,1,6,5,1,100.000,2,4,11
21,20,1,22,4,1,2,2,2,3,2,100.000,2,4,11
21,20,1,23,4,1,2,2,4,3,1,1.322,2,4,11
21,20,1,24,4,1,1,1,3,1,2,1.284,2,4,11
21,20,1,25,4,1,1,1,1,6,1,1.588,2,4,11
21,20,1,26,4,1,1,1,5,1,1,100.000,2,4,11
21,20,1,27,4,1,1,1,5,3,1,100.000,2,4,11
21,20,1,28,4,1,2,2,7,5,1,0.768,2,4,11
21,20,1,15,3,2,1,1,3,7,2,0.766,2,4,11
21,20,1,16,3,2,1,1,5,1,1,100.000,2,4,11
21,20,1,17,3,2,2,2,3,6,2,100.000,2,4,11
21,20,1,18,3,2,1,1,3,5,2,1.074,2,4,11
21,20,1,19,3,2,1,1,3,4,2,1.126,2,4,11
21,20,1,20,3,2,2,2,7,2,1,0.784,2,4,11
21,20,1,21,3,2,2,2,1,7,2,100.000,2,4,11
22,20,1,1,1,2,1,1,6,4,1,100.000,2,0,8
22,20,1,2,1,2,2,2,2,6,2,100.000,2,0,8
22,20,1,3,1,2,2,2,4,5,2,100.000,2,0,8
22,20,1,4,1,2,1,1,6,7,2,1.530,2,0,8
22,20,1,5,1,2,1,1,3,1,1,100.000,2,0,8
22,20,1,6,1,2,1,1,2,5,2,1.052,2,0,8
22,20,1,7,1,2,1,1,2,3,2,2.472,2,0,8
22,20,1,8,2,1,1,1,3,7,2,0.852,2,0,8
22,20,1,9,2,1,2,2,7,6,1,0.800,2,0,8
22,20,1,10,2,1,2,2,7,4,1,0.726,2,0,8
22,20,1,11,2,1,1,1,1,2,1,100.000,2,0,8
22,20,1,12,2,1,2,2,3,6,2,100.000,2,0,8
22,20,1,13,2,1,1,1,4,1,1,100.000,2,0,8
22,20,1,14,2,1,1,1,1,7,2,0.790,2,0,8
22,20,1,15,3,4,1,1,2,3,2,0.958,2,0,8
22,20,1,16,3,4,1,1,2,1,2,3.414,2,0,8
22,20,1,17,3,4,1,1,6,1,1,100.000,2,0,8
22,20,1,18,3,4,1,1,5,7,2,0.812,2,0,8
22,20,1,19,3,4,1,1,1,7,2,0.176,2,0,8
22,20,1,20,3,4,1,1,6,7,2,0.110,2,0,8
22,20,1,21,3,4,1,1,6,3,1,100.000,2,0,8
22,20,1,22,4,3,2,2,3,5,2,100.000,2,0,8
22,20,1,23,4,3,1,1,7,4,1,100.000,2,0,8
22,20,1,24,4,3,2,2,4,3,1,0.642,2,0,8
22,20,1,25,4,3,1,1,2,5,2,0.404,2,0,8
22,20,1,26,4,3,2,2,4,2,1,0.276,2,0,8
22,20,1,27,4,3,2,2,1,3,2,100.000,2,0,8
22,20,1,28,4,3,2,2,2,3,2,100.000,2,0,8
23,19,1,1,1,1,1,1,2,4,1,100.000,2,0,7
23,19,1,2,1,1,2,2,4,5,2,100.000,2,0,7
23,19,1,3,1,1,1,1,6,4,1,100.000,2,0,7
23,19,1,4,1,1,1,1,2,5,2,0.968,2,0,7
23,19,1,5,1,1,2,2,7,2,1,0.926,2,0,7
23,19,1,6,1,1,1,1,5,6,1,100.000,2,0,7
23,19,1,7,1,1,2,2,2,6,2,100.000,2,0,7
23,19,1,8,2,2,1,1,1,6,2,1.056,2,0,7
23,19,1,9,2,2,1,1,5,6,1,100.000,2,0,7
23,19,1,10,2,2,1,1,7,5,1,100.000,2,0,7
23,19,1,11,2,2,2,2,4,7,2,100.000,2,0,7
23,19,1,12,2,2,2,2,4,2,2,100.000,2,0,7
23,19,1,13,2,2,1,1,1,2,1,100.000,2,0,7
23,19,1,14,2,2,1,1,1,4,2,2.680,2,0,7
23,19,1,15,3,3,1,1,2,7,2,0.482,2,0,7
23,19,1,16,3,3,1,1,6,5,2,0.668,2,0,7
23,19,1,17,3,3,1,1,5,1,1,100.000,2,0,7
23,19,1,18,3,3,2,2,6,2,1,0.524,2,0,7
23,19,1,19,3,3,2,2,1,2,2,100.000,2,0,7
23,19,1,20,3,3,2,2,1,4,2,100.000,2,0,7
23,19,1,21,3,3,2,2,7,3,1,0.502,2,0,7
23,19,1,22,4,4,1,1,2,6,2,1.026,2,0,7
23,19,1,23,4,4,2,2,4,7,2,100.000,2,0,7
23,19,1,24,4,4,2,2,1,4,2,100.000,2,0,7
23,19,1,25,4,4,2,2,4,2,1,0.322,2,0,7
23,19,1,26,4,4,1,2,1,3,2,-0.024,2,0,7
23,19,1,27,4,4,2,2,2,5,2,100.000,2,0,7
23,19,1,28,4,4,1,1,5,3,1,100.000,2,0,7
24,21,1,1,1,3,1,1,5,6,1,1.164,4,0,10
24,21,1,2,1,3,2,2,4,7,2,100.000,4,0,10
24,21,1,3,1,3,1,1,3,2,1,100.000,4,0,10
24,21,1,4,1,3,1,1,7,2,1,100.000,4,0,10
24,21,1,5,1,3,2,2,5,2,2,100.000,4,0,10
24,21,1,6,1,3,1,1,3,4,2,0.988,4,0,10
24,21,1,7,1,3,1,1,1,3,1,0.870,4,0,10
24,21,1,8,2,4,2,2,4,5,1,2.622,4,0,10
24,21,1,9,2,4,2,2,1,2,2,3.874,4,0,10
24,21,1,10,2,4,1,1,7,3,1,100.000,4,0,10
24,21,1,11,2,4,2,2,6,3,1,0.568,4,0,10
24,21,1,12,2,4,2,2,6,5,1,0.390,4,0,10
24,21,1,13,2,4,1,2,2,5,2,-0.080,4,0,10
24,21,1,14,2,4,2,2,4,2,1,0.100,4,0,10
24,21,1,15,3,2,2,2,7,1,1,1.076,4,0,10
24,21,1,16,3,2,2,2,5,6,2,100.000,4,0,10
24,21,1,17,3,2,2,2,2,7,2,100.000,4,0,10
24,21,1,18,3,2,1,1,1,2,1,1.804,4,0,10
24,21,1,19,3,2,1,1,2,5,2,1.598,4,0,10
24,21,1,20,3,2,1,1,2,4,2,1.962,4,0,10
24,21,1,21,3,2,1,1,7,5,1,100.000,4,0,10
24,21,1,22,4,1,1,1,4,7,2,0.772,4,0,10
24,21,1,23,4,1,2,2,4,5,1,1.164,4,0,10
24,21,1,24,4,1,1,1,6,7,2,1.026,4,0,10
24,21,1,25,4,1,2,2,5,7,2,100.000,4,0,10
24,21,1,26,4,1,1,1,1,4,2,0.758,4,0,10
24,21,1,27,4,1,2,2,4,2,1,0.888,4,0,10
24,21,1,28,4,1,1,1,7,3,1,100.000,4,0,10
25,18,1,8,2,3,2,2,6,1,1,1.198,2,0,11
25,18,1,9,2,3,2,2,1,7,2,100.000,2,0,11
25,18,1,10,2,3,1,1,1,4,1,1.088,2,0,11
25,18,1,11,2,3,1,1,1,5,2,0.570,2,0,11
25,18,1,12,2,3,2,2,3,5,2,1.192,2,0,11
25,18,1,13,2,3,1,1,7,6,1,100.000,2,0,11
25,18,1,14,2,3,1,1,2,4,2,0.714,2,0,11
25,18,1,1,1,4,2,2,5,7,2,100.000,2,0,11
25,18,1,2,1,4,1,1,7,1,1,100.000,2,0,11
25,18,1,3,1,4,2,2,3,4,2,100.000,2,0,11
25,18,1,4,1,4,2,2,6,7,2,100.000,2,0,11
25,18,1,5,1,4,1,1,7,4,1,100.000,2,0,11
25,18,1,6,1,4,1,1,6,1,1,100.000,2,0,11
25,18,1,7,1,4,1,1,2,7,2,0.838,2,0,11
25,18,1,22,4,1,2,2,5,3,1,0.966,2,0,11
25,18,1,23,4,1,1,1,6,3,1,100.000,2,0,11
25,18,1,24,4,1,1,1,7,2,1,100.000,2,0,11
25,18,1,25,4,1,2,2,4,3,1,1.374,2,0,11
25,18,1,26,4,1,2,2,4,6,2,100.000,2,0,11
25,18,1,27,4,1,1,1,1,2,1,100.000,2,0,11
25,18,1,28,4,1,1,1,6,5,1,100.000,2,0,11
25,18,1,15,3,2,2,2,4,7,2,100.000,2,0,11
25,18,1,16,3,2,1,1,2,3,2,2.206,2,0,11
25,18,1,17,3,2,1,1,7,6,1,100.000,2,0,11
25,18,1,18,3,2,1,1,1,4,2,3.660,2,0,11
25,18,1,19,3,2,2,2,7,3,1,1.062,2,0,11
25,18,1,20,3,2,1,1,6,3,1,100.000,2,0,11
25,18,1,21,3,2,2,2,6,2,1,2.438,2,0,11
26,18,2,1,1,1,1,1,1,6,1,1.352,1,0,4
26,18,2,2,1,1,2,2,7,1,1,1.078,1,0,4
26,18,2,3,1,1,2,2,2,5,2,100.000,1,0,4
26,18,2,4,1,1,2,2,3,1,1,1.496,1,0,4
26,18,2,5,1,1,1,1,5,1,1,100.000,1,0,4
26,18,2,6,1,1,1,1,2,6,2,0.736,1,0,4
26,18,2,7,1,1,2,2,2,3,1,1.386,1,0,4
26,18,2,8,2,2,2,2,5,3,1,1.400,1,0,4
26,18,2,9,2,2,2,2,4,5,2,100.000,1,0,4
26,18,2,10,2,2,2,2,1,6,2,100.000,1,0,4
26,18,2,11,2,2,1,1,4,3,1,100.000,1,0,4
26,18,2,12,2,2,1,1,4,6,2,2.040,1,0,4
26,18,2,13,2,2,1,1,1,5,2,0.954,1,0,4
26,18,2,14,2,2,2,2,3,1,1,1.094,1,0,4
26,18,2,15,3,3,2,2,6,4,1,0.984,1,0,4
26,18,2,16,3,3,1,1,7,3,1,100.000,1,0,4
26,18,2,17,3,3,1,1,4,5,2,0.798,1,0,4
26,18,2,18,3,3,2,2,3,6,2,100.000,1,0,4
26,18,2,19,3,3,1,1,1,2,2,1.024,1,0,4
26,18,2,20,3,3,1,1,2,6,2,0.684,1,0,4
26,18,2,21,3,3,2,2,5,7,2,100.000,1,0,4
26,18,2,22,4,4,2,2,6,2,1,0.880,1,0,4
26,18,2,23,4,4,1,1,4,6,2,1.672,1,0,4
26,18,2,24,4,4,1,1,1,3,2,0.232,1,0,4
26,18,2,25,4,4,2,2,3,5,2,100.000,1,0,4
26,18,2,26,4,4,2,2,3,2,1,0.656,1,0,4
26,18,2,27,4,4,2,2,1,5,2,100.000,1,0,4
26,18,2,28,4,4,1,1,4,1,1,100.000,1,0,4
27,30,2,1,1,1,1,1,7,6,1,100.000,12,10,7
27,30,2,2,1,1,1,1,4,1,1,100.000,12,10,7
27,30,2,3,1,1,2,2,3,4,2,100.000,12,10,7
27,30,2,4,1,1,1,1,5,6,2,1.482,12,10,7
27,30,2,5,1,1,1,1,2,7,2,0.882,12,10,7
27,30,2,6,1,1,2,2,6,4,1,1.444,12,10,7
27,30,2,7,1,1,2,2,5,2,1,1.254,12,10,7
27,30,2,8,2,2,1,1,5,7,2,0.964,12,10,7
27,30,2,9,2,2,2,2,3,5,2,100.000,12,10,7
27,30,2,10,2,2,2,2,2,6,2,100.000,12,10,7
27,30,2,11,2,2,2,2,7,2,1,1.072,12,10,7
27,30,2,12,2,2,1,1,5,1,1,100.000,12,10,7
27,30,2,13,2,2,1,1,5,2,1,100.000,12,10,7
27,30,2,14,2,2,2,2,5,4,1,1.202,12,10,7
27,30,2,15,3,3,1,1,2,1,1,100.000,12,10,7
27,30,2,16,3,3,1,1,5,1,1,100.000,12,10,7
27,30,2,17,3,3,1,1,3,7,2,0.540,12,10,7
27,30,2,18,3,3,1,1,4,1,1,100.000,12,10,7
27,30,2,19,3,3,2,2,1,6,2,100.000,12,10,7
27,30,2,20,3,3,2,2,6,3,1,0.472,12,10,7
27,30,2,21,3,3,1,1,4,3,1,100.000,12,10,7
27,30,2,22,4,4,1,1,1,6,2,0.556,12,10,7
27,30,2,23,4,4,2,2,5,1,1,1.026,12,10,7
27,30,2,24,4,4,2,2,4,3,1,1.718,12,10,7
27,30,2,25,4,4,2,2,5,4,1,2.646,12,10,7
27,30,2,26,4,4,2,2,2,3,2,100.000,12,10,7
27,30,2,27,4,4,1,1,7,2,1,100.000,12,10,7
27,30,2,28,4,4,2,2,2,1,1,1.908,12,10,7
28,24,1,8,2,4,2,2,3,6,1,3.338,7,0,13
28,24,1,9,2,4,1,1,6,4,1,100.000,7,0,13
28,24,1,10,2,4,1,1,4,7,2,1.104,7,0,13
28,24,1,11,2,4,1,1,1,7,2,0.926,7,0,13
28,24,1,12,2,4,1,1,3,1,1,100.000,7,0,13
28,24,1,13,2,4,1,1,5,2,1,100.000,7,0,13
28,24,1,14,2,4,2,2,2,6,2,100.000,7,0,13
28,24,1,1,1,3,1,1,2,7,2,0.472,7,0,13
28,24,1,2,1,3,1,1,4,2,1,100.000,7,0,13
28,24,1,3,1,3,1,1,6,5,1,100.000,7,0,13
28,24,1,4,1,3,1,1,2,3,2,0.302,7,0,13
28,24,1,5,1,3,1,1,5,4,2,0.410,7,0,13
28,24,1,6,1,3,1,1,3,1,1,100.000,7,0,13
28,24,1,7,1,3,2,2,5,3,1,0.702,7,0,13
28,24,1,22,4,2,1,1,6,7,2,1.376,7,0,13
28,24,1,23,4,2,2,2,1,3,2,1.194,7,0,13
28,24,1,24,4,2,2,2,6,1,1,1.326,7,0,13
28,24,1,25,4,2,1,1,2,1,1,100.000,7,0,13
28,24,1,26,4,2,2,2,7,4,1,1.062,7,0,13
28,24,1,27,4,2,2,2,1,7,2,100.000,7,0,13
28,24,1,28,4,2,2,2,3,7,2,100.000,7,0,13
28,24,1,15,3,1,2,2,3,2,1,1.476,7,0,13
28,24,1,16,3,1,2,2,1,7,2,100.000,7,0,13
28,24,1,17,3,1,2,2,7,5,1,0.892,7,0,13
28,24,1,18,3,1,2,2,2,4,2,100.000,7,0,13
28,24,1,19,3,1,1,1,3,6,2,1.018,7,0,13
28,24,1,20,3,1,1,1,7,4,1,100.000,7,0,13
28,24,1,21,3,1,2,2,3,5,2,100.000,7,0,13
29,19,1,1,1,2,1,1,4,2,2,2.228,3,0,8
29,19,1,2,1,2,2,2,6,5,1,2.012,3,0,8
29,19,1,3,1,2,1,1,3,2,2,1.902,3,0,8
29,19,1,4,1,2,1,1,6,4,2,3.380,3,0,8
29,19,1,5,1,2,1,1,4,1,1,100.000,3,0,8
29,19,1,6,1,2,1,1,3,6,2,1.004,3,0,8
29,19,1,7,1,2,1,1,3,4,2,1.638,3,0,8
29,19,1,8,2,1,2,2,5,4,1,0.928,3,0,8
29,19,1,9,2,1,1,1,3,7,2,0.562,3,0,8
29,19,1,10,2,1,2,2,1,3,1,0.774,3,0,8
29,19,1,11,2,1,1,1,1,5,2,0.802,3,0,8
29,19,1,12,2,1,1,1,6,2,1,100.000,3,0,8
29,19,1,13,2,1,1,1,2,1,2,0.742,3,0,8
29,19,1,14,2,1,1,1,6,1,2,0.836,3,0,8
29,19,1,15,3,4,2,2,5,6,2,100.000,3,0,8
29,19,1,16,3,4,2,2,5,3,1,1.940,3,0,8
29,19,1,17,3,4,2,2,7,5,1,0.912,3,0,8
29,19,1,18,3,4,1,1,1,4,2,0.712,3,0,8
29,19,1,19,3,4,2,2,7,6,1,0.566,3,0,8
29,19,1,20,3,4,1,1,3,7,2,0.868,3,0,8
29,19,1,21,3,4,2,2,2,4,2,100.000,3,0,8
29,19,1,22,4,3,2,2,7,5,1,0.226,3,0,8
29,19,1,23,4,3,2,2,2,5,2,100.000,3,0,8
29,19,1,24,4,3,1,1,6,7,2,0.116,3,0,8
29,19,1,25,4,3,2,2,7,1,1,0.056,3,0,8
29,19,1,26,4,3,1,1,6,2,1,100.000,3,0,8
29,19,1,27,4,3,2,2,4,6,2,100.000,3,0,8
29,19,1,28,4,3,2,2,7,4,1,0.378,3,0,8
30,18,1,1,1,1,1,1,4,6,2,1.402,1,5,9
30,18,1,2,1,1,1,1,4,5,2,0.994,1,5,9
30,18,1,3,1,1,1,1,4,3,1,100.000,1,5,9
30,18,1,4,1,1,2,2,1,4,2,100.000,1,5,9
30,18,1,5,1,1,2,2,6,5,1,1.106,1,5,9
30,18,1,6,1,1,1,1,5,7,2,0.804,1,5,9
30,18,1,7,1,1,1,1,2,3,2,0.972,1,5,9
30,18,1,8,2,2,2,2,1,4,2,100.000,1,5,9
30,18,1,9,2,2,1,1,3,1,1,100.000,1,5,9
30,18,1,10,2,2,2,2,6,3,1,2.304,1,5,9
30,18,1,11,2,2,2,2,2,3,2,100.000,1,5,9
30,18,1,12,2,2,2,2,7,6,1,1.092,1,5,9
30,18,1,13,2,2,1,1,4,5,1,100.000,1,5,9
30,18,1,14,2,2,2,2,4,3,1,1.366,1,5,9
30,18,1,15,3,4,2,2,7,3,1,0.680,1,5,9
30,18,1,16,3,4,1,1,3,5,1,100.000,1,5,9
30,18,1,17,3,4,1,1,6,7,2,1.016,1,5,9
30,18,1,18,3,4,1,1,5,7,2,1.094,1,5,9
30,18,1,19,3,4,2,2,4,6,1,2.088,1,5,9
30,18,1,20,3,4,1,1,1,5,2,2.122,1,5,9
30,18,1,21,3,4,1,1,3,2,1,100.000,1,5,9
30,18,1,22,4,3,2,2,3,4,1,0.784,1,5,9
30,18,1,23,4,3,2,2,5,6,1,0.768,1,5,9
30,18,1,24,4,3,1,1,5,2,1,1.044,1,5,9
30,18,1,25,4,3,2,2,2,4,2,100.000,1,5,9
30,18,1,26,4,3,2,2,1,5,2,100.000,1,5,9
30,18,1,27,4,3,1,1,3,6,2,0.864,1,5,9
30,18,1,28,4,3,2,2,7,2,1,0.814,1,5,9
32,20,1,1,1,2,1,1,5,3,1,100.000,1,0,11
32,20,1,2,1,2,2,2,2,4,2,100.000,1,0,11
32,20,1,3,1,2,1,1,6,2,1,100.000,1,0,11
32,20,1,4,1,2,1,1,5,6,2,2.716,1,0,11
32,20,1,5,1,2,2,2,4,6,2,100.000,1,0,11
32,20,1,6,1,2,2,2,1,5,2,100.000,1,0,11
32,20,1,7,1,2,1,1,4,7,2,1.264,1,0,11
32,20,1,8,2,1,1,1,5,3,1,1.098,1,0,11
32,20,1,9,2,1,1,1,7,1,1,1.054,1,0,11
32,20,1,10,2,1,2,2,1,6,2,100.000,1,0,11
32,20,1,11,2,1,2,2,6,3,1,0.996,1,0,11
32,20,1,12,2,1,2,2,5,1,1,0.754,1,0,11
32,20,1,13,2,1,2,2,7,3,1,1.084,1,0,11
32,20,1,14,2,1,2,2,1,2,1,1.474,1,0,11
32,20,1,15,3,3,1,1,4,7,2,0.662,1,0,11
32,20,1,16,3,3,1,1,1,7,2,0.478,1,0,11
32,20,1,17,3,3,1,1,5,7,2,0.306,1,0,11
32,20,1,18,3,3,2,2,1,2,1,1.174,1,0,11
32,20,1,19,3,3,1,1,6,1,1,100.000,1,0,11
32,20,1,20,3,3,2,2,1,4,2,100.000,1,0,11
32,20,1,21,3,3,2,2,7,3,1,0.412,1,0,11
32,20,1,22,4,4,2,2,2,5,2,100.000,1,0,11
32,20,1,23,4,4,2,2,1,3,2,100.000,1,0,11
32,20,1,24,4,4,2,2,2,7,2,100.000,1,0,11
32,20,1,25,4,4,1,1,1,2,2,2.432,1,0,11
32,20,1,26,4,4,2,2,4,1,1,0.176,1,0,11
32,20,1,27,4,4,2,2,7,1,1,2.422,1,0,11
32,20,1,28,4,4,1,1,6,2,1,100.000,1,0,11
33,25,2,1,1,1,1,1,2,4,1,100.000,8,15,8
33,25,2,2,1,1,2,2,5,6,2,100.000,8,15,8
33,25,2,3,1,1,1,1,7,5,1,100.000,8,15,8
33,25,2,4,1,1,2,2,7,6,1,0.988,8,15,8
33,25,2,5,1,1,1,1,5,4,1,100.000,8,15,8
33,25,2,6,1,1,2,2,6,1,1,1.046,8,15,8
33,25,2,7,1,1,1,1,3,4,2,1.054,8,15,8
33,25,2,8,2,2,2,2,3,2,2,100.000,8,15,8
33,25,2,9,2,2,1,1,3,5,2,1.228,8,15,8
33,25,2,10,2,2,2,2,3,6,2,100.000,8,15,8
33,25,2,11,2,2,2,2,6,4,1,0.910,8,15,8
33,25,2,12,2,2,2,2,4,2,2,100.000,8,15,8
33,25,2,13,2,2,1,1,6,1,1,100.000,8,15,8
33,25,2,14,2,2,2,2,3,4,2,100.000,8,15,8
33,25,2,15,3,3,2,2,6,2,1,0.596,8,15,8
33,25,2,16,3,3,1,1,1,6,2,0.936,8,15,8
33,25,2,17,3,3,2,2,3,1,1,0.888,8,15,8
33,25,2,18,3,3,1,1,2,5,1,100.000,8,15,8
33,25,2,19,3,3,2,2,4,3,1,0.946,8,15,8
33,25,2,20,3,3,1,1,5,3,1,100.000,8,15,8
33,25,2,21,3,3,2,2,4,1,2,100.000,8,15,8
33,25,2,22,4,4,2,2,1,4,1,1.796,8,15,8
33,25,2,23,4,4,1,1,5,6,2,1.048,8,15,8
33,25,2,24,4,4,1,1,5,4,1,3.472,8,15,8
33,25,2,25,4,4,2,2,5,2,1,1.572,8,15,8
33,25,2,26,4,4,1,1,2,4,1,100.000,8,15,8
33,25,2,27,4,4,2,2,3,7,2,100.000,8,15,8
33,25,2,28,4,4,2,2,6,4,1,0.668,8,15,8
34,20,1,1,1,1,1,1,1,7,2,0.794,0,0,9
34,20,1,2,1,1,2,2,3,6,1,0.862,0,0,9
34,20,1,3,1,1,1,1,1,3,1,100.000,0,0,9
34,20,1,4,1,1,1,1,3,2,2,0.828,0,0,9
34,20,1,5,1,1,1,1,3,5,1,100.000,0,0,9
34,20,1,6,1,1,2,2,2,1,2,100.000,0,0,9
34,20,1,7,1,1,2,2,4,1,1,1.052,0,0,9
34,20,1,8,2,2,1,1,1,3,1,100.000,0,0,9
34,20,1,9,2,2,2,2,5,7,2,100.000,0,0,9
34,20,1,10,2,2,2,2,4,1,2,100.000,0,0,9
34,20,1,11,2,2,2,2,5,2,2,100.000,0,0,9
34,20,1,12,2,2,2,2,6,7,2,1.464,0,0,9
34,20,1,13,2,2,1,1,7,2,1,100.000,0,0,9
34,20,1,14,2,2,2,2,2,1,2,100.000,0,0,9
34,20,1,15,3,3,1,1,7,1,1,100.000,0,0,9
34,20,1,16,3,3,1,2,6,3,2,0.914,0,0,9
34,20,1,17,3,3,1,1,7,5,1,100.000,0,0,9
34,20,1,18,3,3,2,2,5,1,2,100.000,0,0,9
34,20,1,19,3,3,2,2,5,4,2,100.000,0,0,9
34,20,1,20,3,3,2,2,3,7,2,100.000,0,0,9
34,20,1,21,3,3,1,1,7,4,1,100.000,0,0,9
34,20,1,22,4,4,2,2,1,6,2,100.000,0,0,9
34,20,1,23,4,4,2,2,7,2,1,0.534,0,0,9
34,20,1,24,4,4,2,2,4,7,2,-0.170,0,0,9
34,20,1,25,4,4,2,2,1,7,2,3.350,0,0,9
34,20,1,26,4,4,1,1,2,6,1,100.000,0,0,9
34,20,1,27,4,4,1,1,2,1,1,100.000,0,0,9
34,20,1,28,4,4,1,1,2,3,1,100.000,0,0,9
36,19,1,8,2,3,2,1,3,2,2,1.152,2,0,11
36,19,1,9,2,3,2,2,4,6,1,1.182,2,0,11
36,19,1,10,2,3,1,1,2,4,1,1.166,2,0,11
36,19,1,11,2,3,1,1,1,5,1,1.050,2,0,11
36,19,1,12,2,3,2,2,7,1,1,0.488,2,0,11
36,19,1,13,2,3,1,1,1,4,2,0.462,2,0,11
36,19,1,14,2,3,1,2,3,5,1,1.026,2,0,11
36,19,1,1,1,4,1,2,5,2,2,-11.898,2,0,11
36,19,1,2,1,4,2,2,6,5,2,3.640,2,0,11
36,19,1,3,1,4,2,2,6,7,2,100.000,2,0,11
36,19,1,4,1,4,1,1,1,4,1,100.000,2,0,11
36,19,1,5,1,4,2,2,1,7,2,100.000,2,0,11
36,19,1,6,1,4,2,2,7,3,1,0.132,2,0,11
36,19,1,7,1,4,2,2,4,3,1,3.730,2,0,11
36,19,1,22,4,1,1,1,1,3,2,1.540,2,0,11
36,19,1,23,4,1,1,1,5,2,2,0.752,2,0,11
36,19,1,24,4,1,1,1,6,1,1,1.364,2,0,11
36,19,1,25,4,1,2,2,6,5,2,100.000,2,0,11
36,19,1,26,4,1,1,1,7,2,1,100.000,2,0,11
36,19,1,27,4,1,1,1,4,3,1,100.000,2,0,11
36,19,1,28,4,1,2,2,3,5,2,100.000,2,0,11
36,19,1,15,3,2,2,2,7,2,1,0.938,2,0,11
36,19,1,16,3,2,1,1,6,2,1,100.000,2,0,11
36,19,1,17,3,2,1,1,2,4,2,1.658,2,0,11
36,19,1,18,3,2,1,1,4,6,2,2.124,2,0,11
36,19,1,19,3,2,2,2,5,1,1,1.362,2,0,11
36,19,1,20,3,2,1,1,5,3,1,100.000,2,0,11
36,19,1,21,3,2,2,2,2,5,2,100.000,2,0,11
37,20,1,1,1,1,2,2,6,3,1,1.098,3,0,11
37,20,1,2,1,1,2,2,5,4,1,0.922,3,0,11
37,20,1,3,1,1,1,1,4,6,2,0.790,3,0,11
37,20,1,4,1,1,2,2,7,6,1,1.330,3,0,11
37,20,1,5,1,1,1,1,4,1,1,100.000,3,0,11
37,20,1,6,1,1,2,2,2,4,2,100.000,3,0,11
37,20,1,7,1,1,2,2,7,1,1,0.852,3,0,11
37,20,1,8,2,2,2,2,6,3,1,0.960,3,0,11
37,20,1,9,2,2,2,2,2,3,2,100.000,3,0,11
37,20,1,10,2,2,1,1,7,5,1,100.000,3,0,11
37,20,1,11,2,2,1,1,4,7,2,1.092,3,0,11
37,20,1,12,2,2,2,2,1,2,2,3.156,3,0,11
37,20,1,13,2,2,2,2,7,1,1,0.810,3,0,11
37,20,1,14,2,2,1,1,1,4,2,1.588,3,0,11
37,20,1,15,3,3,1,1,6,3,2,0.818,3,0,11
37,20,1,16,3,3,1,1,5,6,2,0.814,3,0,11
37,20,1,17,3,3,2,2,2,7,2,100.000,3,0,11
37,20,1,18,3,3,2,2,6,2,1,0.492,3,0,11
37,20,1,19,3,3,1,1,7,4,1,100.000,3,0,11
37,20,1,20,3,3,1,1,1,3,2,0.472,3,0,11
37,20,1,21,3,3,2,2,2,5,2,100.000,3,0,11
37,20,1,22,4,4,1,1,2,1,2,3.180,3,0,11
37,20,1,23,4,4,2,2,7,5,1,0.600,3,0,11
37,20,1,24,4,4,2,2,4,6,2,100.000,3,0,11
37,20,1,25,4,4,2,2,4,2,1,1.282,3,0,11
37,20,1,26,4,4,1,1,4,7,2,0.512,3,0,11
37,20,1,27,4,4,2,2,3,2,1,0.546,3,0,11
37,20,1,28,4,4,1,2,3,5,2,-6.804,3,0,11
39,19,1,8,2,3,1,1,5,1,2,0.728,2,0,8
39,19,1,9,2,3,1,1,4,3,2,0.980,2,0,8
39,19,1,10,2,3,1,1,3,1,1,100.000,2,0,8
39,19,1,11,2,3,1,2,5,7,2,-4.422,2,0,8
39,19,1,12,2,3,2,2,6,4,1,1.080,2,0,8
39,19,1,13,2,3,2,2,2,3,2,-2.298,2,0,8
39,19,1,14,2,3,2,1,5,2,2,1.070,2,0,8
39,19,1,1,1,4,2,2,6,4,1,3.974,2,0,8
39,19,1,2,1,4,2,1,7,1,1,-0.504,2,0,8
39,19,1,3,1,4,1,1,7,2,1,100.000,2,0,8
39,19,1,4,1,4,2,2,3,4,1,3.796,2,0,8
39,19,1,5,1,4,2,2,5,6,2,100.000,2,0,8
39,19,1,6,1,4,2,2,5,7,2,100.000,2,0,8
39,19,1,7,1,4,2,2,6,1,1,3.964,2,0,8
39,19,1,22,4,1,2,2,7,3,1,0.748,2,0,8
39,19,1,23,4,1,2,2,6,7,2,100.000,2,0,8
39,19,1,24,4,1,1,1,2,7,2,0.442,2,0,8
39,19,1,25,4,1,2,2,2,1,1,1.472,2,0,8
39,19,1,26,4,1,1,1,3,4,2,0.954,2,0,8
39,19,1,27,4,1,1,1,2,5,1,100.000,2,0,8
39,19,1,28,4,1,1,1,3,1,1,100.000,2,0,8
39,19,1,15,3,2,2,2,5,2,1,1.910,2,0,8
39,19,1,16,3,2,2,2,6,5,1,1.664,2,0,8
39,19,1,17,3,2,1,1,7,4,1,100.000,2,0,8
39,19,1,18,3,2,2,2,1,7,2,100.000,2,0,8
39,19,1,19,3,2,2,2,3,7,2,100.000,2,0,8
39,19,1,20,3,2,2,2,6,1,1,1.114,2,0,8
39,19,1,21,3,2,2,2,1,3,2,2.160,2,0,8
40,21,1,8,2,3,2,2,1,7,2,100.000,3,0,12
40,21,1,9,2,3,1,1,4,2,1,1.082,3,0,12
40,21,1,10,2,3,2,2,6,1,1,0.654,3,0,12
40,21,1,11,2,3,1,1,6,5,2,1.186,3,0,12
40,21,1,12,2,3,2,2,7,2,1,0.488,3,0,12
40,21,1,13,2,3,2,2,7,3,1,0.172,3,0,12
40,21,1,14,2,3,1,1,5,3,1,100.000,3,0,12
40,21,1,1,1,4,2,2,6,2,1,1.014,3,0,12
40,21,1,2,1,4,1,1,1,2,2,3.058,3,0,12
40,21,1,3,1,4,2,2,3,6,2,100.000,3,0,12
40,21,1,4,1,4,2,1,7,6,1,-0.270,3,0,12
40,21,1,5,1,4,1,1,1,5,2,2.522,3,0,12
40,21,1,6,1,4,1,1,5,3,1,100.000,3,0,12
40,21,1,7,1,4,2,2,2,4,2,100.000,3,0,12
40,21,1,22,4,1,1,1,1,6,2,1.480,3,0,12
40,21,1,23,4,1,2,2,5,3,2,100.000,3,0,12
40,21,1,24,4,1,1,1,2,6,2,0.886,3,0,12
40,21,1,25,4,1,2,2,4,5,2,100.000,3,0,12
40,21,1,26,4,1,1,1,6,4,1,100.000,3,0,12
40,21,1,27,4,1,2,2,5,6,2,100.000,3,0,12
40,21,1,28,4,1,1,1,7,5,1,100.000,3,0,12
40,21,1,15,3,2,2,2,3,6,2,100.000,3,0,12
40,21,1,16,3,2,2,2,1,5,2,100.000,3,0,12
40,21,1,17,3,2,2,2,4,3,1,3.710,3,0,12
40,21,1,18,3,2,2,2,6,7,2,100.000,3,0,12
40,21,1,19,3,2,1,1,4,1,1,100.000,3,0,12
40,21,1,20,3,2,2,2,2,7,2,100.000,3,0,12
40,21,1,21,3,2,1,1,2,6,2,1.366,3,0,12
41,23,1,1,1,1,2,2,3,6,2,1.396,0,1,9
41,23,1,2,1,1,1,1,4,7,2,0.966,0,1,9
41,23,1,3,1,1,1,1,1,4,2,1.012,0,1,9
41,23,1,4,1,1,2,2,4,2,2,1.204,0,1,9
41,23,1,5,1,1,2,2,3,2,2,100.000,0,1,9
41,23,1,6,1,1,2,2,1,7,2,100.000,0,1,9
41,23,1,7,1,1,1,1,5,1,1,100.000,0,1,9
41,23,1,8,2,2,2,2,3,2,1,1.566,0,1,9
41,23,1,9,2,2,1,1,3,5,2,0.926,0,1,9
41,23,1,10,2,2,1,1,6,4,1,100.000,0,1,9
41,23,1,11,2,2,1,1,4,5,2,1.268,0,1,9
41,23,1,12,2,2,1,1,4,2,1,100.000,0,1,9
41,23,1,13,2,2,1,1,5,7,2,0.966,0,1,9
41,23,1,14,2,2,2,2,2,1,2,3.366,0,1,9
41,23,1,15,3,3,2,2,6,7,2,100.000,0,1,9
41,23,1,16,3,3,1,1,3,6,1,100.000,0,1,9
41,23,1,17,3,3,2,2,2,1,1,0.654,0,1,9
41,23,1,18,3,3,1,1,5,4,2,0.572,0,1,9
41,23,1,19,3,3,1,1,4,7,2,0.232,0,1,9
41,23,1,20,3,3,1,1,4,1,1,100.000,0,1,9
41,23,1,21,3,3,2,2,2,6,2,100.000,0,1,9
41,23,1,22,4,4,1,1,2,5,2,1.650,0,1,9
41,23,1,23,4,4,2,2,3,7,2,100.000,0,1,9
41,23,1,24,4,4,2,2,2,3,2,100.000,0,1,9
41,23,1,25,4,4,1,1,4,1,1,100.000,0,1,9
41,23,1,26,4,4,2,2,3,1,1,1.226,0,1,9
41,23,1,27,4,4,1,1,4,5,2,2.914,0,1,9
41,23,1,28,4,4,1,1,7,4,1,100.000,0,1,9
42,20,1,1,1,2,1,1,7,3,1,100.000,3,1,7
42,20,1,2,1,2,1,1,2,3,2,2.442,3,1,7
42,20,1,3,1,2,1,1,1,6,2,1.982,3,1,7
42,20,1,4,1,2,2,2,1,4,2,100.000,3,1,7
42,20,1,5,1,2,2,2,7,5,1,1.318,3,1,7
42,20,1,6,1,2,2,2,5,4,1,1.652,3,1,7
42,20,1,7,1,2,1,1,5,1,1,100.000,3,1,7
42,20,1,8,2,1,1,1,6,3,1,100.000,3,1,7
42,20,1,9,2,1,2,2,1,5,2,100.000,3,1,7
42,20,1,10,2,1,1,1,6,5,1,1.566,3,1,7
42,20,1,11,2,1,2,2,6,2,1,0.770,3,1,7
42,20,1,12,2,1,1,1,5,4,1,100.000,3,1,7
42,20,1,13,2,1,2,2,7,2,1,0.886,3,1,7
42,20,1,14,2,1,2,2,5,7,2,100.000,3,1,7
42,20,1,15,3,4,1,1,4,2,1,100.000,3,1,7
42,20,1,16,3,4,2,2,4,7,2,100.000,3,1,7
42,20,1,17,3,4,2,2,5,2,1,1.552,3,1,7
42,20,1,18,3,4,1,1,6,3,1,-1.766,3,1,7
42,20,1,19,3,4,2,2,2,1,1,3.820,3,1,7
42,20,1,20,3,4,1,1,3,2,1,100.000,3,1,7
42,20,1,21,3,4,1,1,4,3,1,100.000,3,1,7
42,20,1,22,4,3,2,2,6,3,1,0.516,3,1,7
42,20,1,23,4,3,2,2,1,4,2,100.000,3,1,7
42,20,1,24,4,3,2,2,3,4,2,100.000,3,1,7
42,20,1,25,4,3,1,1,2,7,2,0.402,3,1,7
42,20,1,26,4,3,1,1,3,7,2,0.298,3,1,7
42,20,1,27,4,3,2,2,3,5,2,100.000,3,1,7
42,20,1,28,4,3,2,2,7,4,1,0.132,3,1,7
43,19,1,8,2,4,2,2,2,7,2,100.000,2,0,13
43,19,1,9,2,4,1,1,1,3,1,3.852,2,0,13
43,19,1,10,2,4,1,2,4,6,1,2.758,2,0,13
43,19,1,11,2,4,1,2,6,7,2,-3.876,2,0,13
43,19,1,12,2,4,2,2,3,5,1,2.446,2,0,13
43,19,1,13,2,4,2,2,5,4,1,2.714,2,0,13
43,19,1,14,2,4,1,1,1,6,2,1.440,2,0,13
43,19,1,1,1,3,2,2,1,5,2,-3.214,2,0,13
43,19,1,2,1,3,1,1,7,1,1,-2.806,2,0,13
43,19,1,3,1,3,1,2,6,2,1,0.686,2,0,13
43,19,1,4,1,3,2,2,5,6,2,0.670,2,0,13
43,19,1,5,1,3,1,1,1,6,2,0.554,2,0,13
43,19,1,6,1,3,1,1,1,2,1,1.198,2,0,13
43,19,1,7,1,3,2,2,4,5,1,0.468,2,0,13
43,19,1,22,4,2,1,1,3,4,2,2.440,2,0,13
43,19,1,23,4,2,2,2,4,6,2,100.000,2,0,13
43,19,1,24,4,2,1,1,1,2,1,100.000,2,0,13
43,19,1,25,4,2,1,1,3,1,1,1.784,2,0,13
43,19,1,26,4,2,1,1,5,6,2,3.142,2,0,13
43,19,1,27,4,2,1,1,6,3,1,100.000,2,0,13
43,19,1,28,4,2,2,2,2,4,2,100.000,2,0,13
43,19,1,15,3,1,1,1,7,6,2,1.300,2,0,13
43,19,1,16,3,1,1,1,3,5,2,0.950,2,0,13
43,19,1,17,3,1,2,2,4,1,1,0.934,2,0,13
43,19,1,18,3,1,2,2,4,6,2,100.000,2,0,13
43,19,1,19,3,1,2,2,1,3,2,100.000,2,0,13
43,19,1,20,3,1,2,2,6,1,1,0.820,2,0,13
43,19,1,21,3,1,2,2,5,2,1,0.892,2,0,13
46,19,1,1,1,1,1,1,4,5,2,1.016,2,0,6
46,19,1,2,1,1,2,2,1,6,2,100.000,2,0,6
46,19,1,3,1,1,2,2,2,6,2,100.000,2,0,6
46,19,1,4,1,1,1,1,2,1,1,100.000,2,0,6
46,19,1,5,1,1,2,2,3,4,2,100.000,2,0,6
46,19,1,6,1,1,2,2,2,7,2,100.000,2,0,6
46,19,1,7,1,1,1,1,4,2,2,1.326,2,0,6
46,19,1,8,2,2,1,1,1,5,2,1.254,2,0,6
46,19,1,9,2,2,1,1,3,2,1,100.000,2,0,6
46,19,1,10,2,2,2,2,4,1,1,1.080,2,0,6
46,19,1,11,2,2,1,1,5,2,1,100.000,2,0,6
46,19,1,12,2,2,1,1,4,3,2,1.700,2,0,6
46,19,1,13,2,2,1,1,6,1,1,100.000,2,0,6
46,19,1,14,2,2,1,1,3,7,2,1.042,2,0,6
46,19,1,15,3,4,1,1,6,1,1,2.164,2,0,6
46,19,1,16,3,4,1,1,5,6,2,3.024,2,0,6
46,19,1,17,3,4,2,2,1,5,2,100.000,2,0,6
46,19,1,18,3,4,2,2,4,5,2,100.000,2,0,6
46,19,1,19,3,4,1,1,2,3,2,0.500,2,0,6
46,19,1,20,3,4,2,2,4,1,1,0.088,2,0,6
46,19,1,21,3,4,2,2,7,2,1,0.646,2,0,6
46,19,1,22,4,3,2,2,4,2,1,0.372,2,0,6
46,19,1,23,4,3,2,2,3,1,1,0.200,2,0,6
46,19,1,24,4,3,1,1,2,3,2,0.084,2,0,6
46,19,1,25,4,3,2,2,3,6,2,100.000,2,0,6
46,19,1,26,4,3,1,1,7,3,1,100.000,2,0,6
46,19,1,27,4,3,1,1,2,6,2,0.362,2,0,6
46,19,1,28,4,3,2,2,4,7,2,100.000,2,0,6
47,20,1,1,1,1,1,1,6,7,2,0.726,3,0,11
47,20,1,2,1,1,2,2,1,4,2,1.118,3,0,11
47,20,1,3,1,1,2,2,7,5,1,0.888,3,0,11
47,20,1,4,1,1,1,1,3,6,2,1.002,3,0,11
47,20,1,5,1,1,2,2,2,5,2,100.000,3,0,11
47,20,1,6,1,1,2,2,5,1,2,100.000,3,0,11
47,20,1,7,1,1,1,1,5,3,1,100.000,3,0,11
47,20,1,8,2,2,1,1,1,3,1,100.000,3,0,11
47,20,1,9,2,2,1,1,2,1,1,100.000,3,0,11
47,20,1,10,2,2,1,1,1,7,2,1.184,3,0,11
47,20,1,11,2,2,2,2,4,5,2,100.000,3,0,11
47,20,1,12,2,2,1,1,2,7,2,0.912,3,0,11
47,20,1,13,2,2,2,2,3,5,2,100.000,3,0,11
47,20,1,14,2,2,2,2,2,6,2,100.000,3,0,11
47,20,1,15,3,3,1,1,6,4,1,100.000,3,0,11
47,20,1,16,3,3,2,2,5,1,2,100.000,3,0,11
47,20,1,17,3,3,2,2,5,7,2,100.000,3,0,11
47,20,1,18,3,3,1,1,7,2,1,100.000,3,0,11
47,20,1,19,3,3,1,1,2,1,1,100.000,3,0,11
47,20,1,20,3,3,2,2,4,1,2,1.098,3,0,11
47,20,1,21,3,3,1,1,5,2,1,100.000,3,0,11
47,20,1,22,4,4,2,2,1,2,2,100.000,3,0,11
47,20,1,23,4,4,1,1,2,4,2,2.870,3,0,11
47,20,1,24,4,4,2,2,2,5,2,100.000,3,0,11
47,20,1,25,4,4,2,2,7,4,1,0.780,3,0,11
47,20,1,26,4,4,2,2,5,3,2,100.000,3,0,11
47,20,1,27,4,4,1,1,3,4,1,100.000,3,0,11
47,20,1,28,4,4,1,1,3,6,1,100.000,3,0,11
48,19,2,1,1,1,2,2,3,6,1,0.666,1,14,9
48,19,2,2,1,1,2,2,2,5,2,100.000,1,14,9
48,19,2,3,1,1,1,1,2,4,2,0.938,1,14,9
48,19,2,4,1,1,2,2,6,4,1,0.918,1,14,9
48,19,2,5,1,1,2,2,3,1,1,0.764,1,14,9
48,19,2,6,1,1,2,2,2,1,1,1.082,1,14,9
48,19,2,7,1,1,1,1,7,4,1,100.000,1,14,9
48,19,2,8,2,2,2,2,4,5,2,100.000,1,14,9
48,19,2,9,2,2,2,2,2,4,2,100.000,1,14,9
48,19,2,10,2,2,2,2,6,5,2,100.000,1,14,9
48,19,2,11,2,2,1,1,2,1,2,3.574,1,14,9
48,19,2,12,2,2,1,1,7,4,1,100.000,1,14,9
48,19,2,13,2,2,1,1,6,3,1,100.000,1,14,9
48,19,2,14,2,2,2,2,6,4,1,1.334,1,14,9
48,19,2,15,3,3,2,2,1,7,2,100.000,1,14,9
48,19,2,16,3,3,2,2,5,2,1,0.836,1,14,9
48,19,2,17,3,3,2,2,6,2,1,0.396,1,14,9
48,19,2,18,3,3,1,1,4,1,1,100.000,1,14,9
48,19,2,19,3,3,2,2,6,7,2,100.000,1,14,9
48,19,2,20,3,3,1,1,1,3,2,0.294,1,14,9
48,19,2,21,3,3,2,1,7,2,1,-1.184,1,14,9
48,19,2,22,4,4,2,2,4,2,1,0.880,1,14,9
48,19,2,23,4,4,2,2,7,1,1,1.216,1,14,9
48,19,2,24,4,4,2,2,1,5,2,100.000,1,14,9
48,19,2,25,4,4,2,2,7,3,1,0.322,1,14,9
48,19,2,26,4,4,1,1,4,5,2,2.032,1,14,9
48,19,2,27,4,4,1,1,5,3,1,100.000,1,14,9
48,19,2,28,4,4,1,1,6,1,1,100.000,1,14,9
49,19,1,8,2,3,2,2,3,7,2,100.000,3,0,9
49,19,1,9,2,3,2,2,2,1,1,1.150,3,0,9
49,19,1,10,2,3,2,2,4,6,1,1.066,3,0,9
49,19,1,11,2,3,2,2,1,5,2,100.000,3,0,9
49,19,1,12,2,3,1,1,1,6,1,100.000,3,0,9
49,19,1,13,2,3,2,2,5,4,2,100.000,3,0,9
49,19,1,14,2,3,1,1,6,5,2,0.938,3,0,9
49,19,1,1,1,4,2,2,3,2,1,1.750,3,0,9
49,19,1,2,1,4,2,2,2,6,2,100.000,3,0,9
49,19,1,3,1,4,1,1,3,6,2,1.438,3,0,9
49,19,1,4,1,4,1,1,1,3,2,1.862,3,0,9
49,19,1,5,1,4,1,1,7,4,1,100.000,3,0,9
49,19,1,6,1,4,2,2,4,6,2,100.000,3,0,9
49,19,1,7,1,4,1,1,5,7,2,0.692,3,0,9
49,19,1,22,4,1,1,1,3,4,1,100.000,3,0,9
49,19,1,23,4,1,2,2,2,6,2,1.384,3,0,9
49,19,1,24,4,1,2,2,1,4,2,100.000,3,0,9
49,19,1,25,4,1,2,2,5,4,2,100.000,3,0,9
49,19,1,26,4,1,1,1,7,2,1,100.000,3,0,9
49,19,1,27,4,1,2,2,5,3,1,0.940,3,0,9
49,19,1,28,4,1,1,1,1,5,2,0.800,3,0,9
49,19,1,15,3,2,1,1,7,3,1,100.000,3,0,9
49,19,1,16,3,2,2,2,7,5,1,1.182,3,0,9
49,19,1,17,3,2,2,2,1,4,2,100.000,3,0,9
49,19,1,18,3,2,1,1,1,7,2,0.844,3,0,9
49,19,1,19,3,2,2,2,3,2,1,1.320,3,0,9
49,19,1,20,3,2,1,1,5,1,1,100.000,3,0,9
49,19,1,21,3,2,2,2,4,3,1,1.628,3,0,9
50,18,1,1,1,3,1,1,3,5,1,1.018,1,0,6
50,18,1,2,1,3,1,1,4,3,1,100.000,1,0,6
50,18,1,3,1,3,1,1,7,5,1,100.000,1,0,6
50,18,1,4,1,3,2,2,6,3,1,0.414,1,0,6
50,18,1,5,1,3,1,1,7,4,1,100.000,1,0,6
50,18,1,6,1,3,2,2,2,4,2,100.000,1,0,6
50,18,1,7,1,3,1,1,2,3,2,0.278,1,0,6
50,18,1,8,2,4,2,2,4,3,1,2.734,1,0,6
50,18,1,9,2,4,1,1,5,6,2,1.662,1,0,6
50,18,1,10,2,4,2,2,2,5,2,100.000,1,0,6
50,18,1,11,2,4,2,2,2,7,2,100.000,1,0,6
50,18,1,12,2,4,1,1,1,2,1,100.000,1,0,6
50,18,1,13,2,4,2,2,1,4,2,100.000,1,0,6
50,18,1,14,2,4,1,1,7,6,1,100.000,1,0,6
50,18,1,15,3,2,1,1,1,3,2,1.128,1,0,6
50,18,1,16,3,2,1,1,2,7,2,0.978,1,0,6
50,18,1,17,3,2,2,2,5,3,1,1.150,1,0,6
50,18,1,18,3,2,1,1,7,6,1,100.000,1,0,6
50,18,1,19,3,2,1,1,1,6,2,1.652,1,0,6
50,18,1,20,3,2,2,2,2,5,2,100.000,1,0,6
50,18,1,21,3,2,1,1,6,2,1,100.000,1,0,6
50,18,1,22,4,1,2,2,7,6,1,1.064,1,0,6
50,18,1,23,4,1,1,1,5,6,1,100.000,1,0,6
50,18,1,24,4,1,2,2,7,5,1,0.678,1,0,6
50,18,1,25,4,1,2,2,3,2,1,1.054,1,0,6
50,18,1,26,4,1,1,1,1,7,2,0.790,1,0,6
50,18,1,27,4,1,1,1,7,3,1,100.000,1,0,6
50,18,1,28,4,1,1,1,6,1,1,100.000,1,0,6
51,18,2,8,2,4,2,2,1,7,2,100.000,1,0,8
51,18,2,9,2,4,2,2,5,2,1,1.718,1,0,8
51,18,2,10,2,4,1,1,6,3,1,100.000,1,0,8
51,18,2,11,2,4,1,1,6,5,2,3.482,1,0,8
51,18,2,12,2,4,2,2,7,2,1,1.126,1,0,8
51,18,2,13,2,4,1,1,1,6,2,0.646,1,0,8
51,18,2,14,2,4,2,2,4,1,1,2.276,1,0,8
51,18,2,1,1,3,1,1,3,4,1,100.000,1,0,8
51,18,2,2,1,3,1,1,5,3,2,1.138,1,0,8
51,18,2,3,1,3,2,2,7,6,1,0.430,1,0,8
51,18,2,4,1,3,1,1,3,1,1,100.000,1,0,8
51,18,2,5,1,3,2,2,4,5,1,0.790,1,0,8
51,18,2,6,1,3,2,2,3,6,2,100.000,1,0,8
51,18,2,7,1,3,2,2,7,1,1,0.446,1,0,8
51,18,2,22,4,2,2,2,4,1,1,1.878,1,0,8
51,18,2,23,4,2,1,1,3,6,2,1.724,1,0,8
51,18,2,24,4,2,1,1,1,2,2,3.628,1,0,8
51,18,2,25,4,2,2,2,5,7,2,100.000,1,0,8
51,18,2,26,4,2,1,1,6,1,1,100.000,1,0,8
51,18,2,27,4,2,2,2,3,4,1,2.744,1,0,8
51,18,2,28,4,2,1,1,4,7,2,0.952,1,0,8
51,18,2,15,3,1,1,1,5,1,1,100.000,1,0,8
51,18,2,16,3,1,1,1,7,1,1,100.000,1,0,8
51,18,2,17,3,1,1,1,4,7,2,0.876,1,0,8
51,18,2,18,3,1,2,2,4,1,1,1.356,1,0,8
51,18,2,19,3,1,2,2,6,2,1,1.046,1,0,8
51,18,2,20,3,1,2,2,2,3,2,1.150,1,0,8
51,18,2,21,3,1,1,1,3,7,2,0.764,1,0,8
52,19,1,1,1,4,2,2,5,1,1,1.562,0,0,9
52,19,1,2,1,4,1,1,5,4,2,0.066,0,0,9
52,19,1,3,1,4,1,1,2,1,2,2.802,0,0,9
52,19,1,4,1,4,1,1,3,1,1,100.000,0,0,9
52,19,1,5,1,4,1,1,7,5,1,100.000,0,0,9
52,19,1,6,1,4,2,1,6,2,1,-0.136,0,0,9
52,19,1,7,1,4,1,1,6,7,2,0.534,0,0,9
52,19,1,8,2,3,1,1,5,6,2,0.248,0,0,9
52,19,1,9,2,3,2,2,7,3,1,0.232,0,0,9
52,19,1,10,2,3,2,2,2,7,2,0.552,0,0,9
52,19,1,11,2,3,2,2,6,4,2,100.000,0,0,9
52,19,1,12,2,3,2,2,2,6,2,100.000,0,0,9
52,19,1,13,2,3,1,1,3,2,1,100.000,0,0,9
52,19,1,14,2,3,2,2,5,1,1,0.412,0,0,9
52,19,1,15,3,1,2,2,1,3,2,100.000,0,0,9
52,19,1,16,3,1,1,1,6,5,1,100.000,0,0,9
52,19,1,17,3,1,2,2,3,5,2,100.000,0,0,9
52,19,1,18,3,1,2,2,6,3,1,0.906,0,0,9
52,19,1,19,3,1,2,2,4,6,2,100.000,0,0,9
52,19,1,20,3,1,1,1,4,2,1,100.000,0,0,9
52,19,1,21,3,1,1,1,4,3,1,100.000,0,0,9
52,19,1,22,4,2,1,1,2,6,2,1.008,0,0,9
52,19,1,23,4,2,1,1,7,2,1,100.000,0,0,9
52,19,1,24,4,2,2,2,2,3,2,100.000,0,0,9
52,19,1,25,4,2,2,2,5,2,1,1.636,0,0,9
52,19,1,26,4,2,1,1,3,1,1,100.000,0,0,9
52,19,1,27,4,2,1,1,3,7,2,1.490,0,0,9
52,19,1,28,4,2,1,1,1,5,2,1.176,0,0,9
53,20,2,1,1,2,2,2,3,5,2,100.000,3,4,5
53,20,2,2,1,2,1,1,6,7,2,1.450,3,4,5
53,20,2,3,1,2,2,2,5,6,2,100.000,3,4,5
53,20,2,4,1,2,2,2,5,4,1,2.316,3,4,5
53,20,2,5,1,2,2,2,4,2,1,2.068,3,4,5
53,20,2,6,1,2,2,2,4,6,2,1.688,3,4,5
53,20,2,7,1,2,1,1,7,1,1,100.000,3,4,5
53,20,2,8,2,1,2,2,4,5,2,100.000,3,4,5
53,20,2,9,2,1,1,1,1,6,2,1.468,3,4,5
53,20,2,10,2,1,2,2,1,2,1,1.132,3,4,5
53,20,2,11,2,1,2,2,5,2,1,0.858,3,4,5
53,20,2,12,2,1,2,2,5,7,2,100.000,3,4,5
53,20,2,13,2,1,2,2,6,7,2,100.000,3,4,5
53,20,2,14,2,1,1,1,2,7,2,0.686,3,4,5
53,20,2,15,3,3,1,1,1,4,2,0.706,3,4,5
53,20,2,16,3,3,1,1,4,7,2,0.512,3,4,5
53,20,2,17,3,3,2,2,4,2,1,0.786,3,4,5
53,20,2,18,3,3,2,2,2,5,2,100.000,3,4,5
53,20,2,19,3,3,2,2,1,2,1,1.080,3,4,5
53,20,2,20,3,3,1,1,5,7,2,0.160,3,4,5
53,20,2,21,3,3,1,2,6,1,1,0.166,3,4,5
53,20,2,22,4,4,2,2,2,3,2,-1.218,3,4,5
53,20,2,23,4,4,1,1,4,7,2,0.054,3,4,5
53,20,2,24,4,4,2,2,2,4,2,2.020,3,4,5
53,20,2,25,4,4,2,2,3,7,2,100.000,3,4,5
53,20,2,26,4,4,1,1,3,5,2,0.836,3,4,5
53,20,2,27,4,4,2,2,3,4,1,3.406,3,4,5
53,20,2,28,4,4,2,2,6,4,1,1.730,3,4,5
55,23,2,1,1,2,2,2,2,7,2,100.000,5,3,5
55,23,2,2,1,2,1,1,2,5,2,2.904,5,3,5
55,23,2,3,1,2,2,2,6,3,1,3.098,5,3,5
55,23,2,4,1,2,1,1,3,2,1,100.000,5,3,5
55,23,2,5,1,2,2,2,1,3,2,100.000,5,3,5
55,23,2,6,1,2,2,2,7,6,1,1.480,5,3,5
55,23,2,7,1,2,1,1,7,5,1,100.000,5,3,5
55,23,2,8,2,1,2,2,2,4,2,100.000,5,3,5
55,23,2,9,2,1,1,1,3,2,1,100.000,5,3,5
55,23,2,10,2,1,1,1,2,1,1,100.000,5,3,5
55,23,2,11,2,1,1,1,2,6,1,100.000,5,3,5
55,23,2,12,2,1,2,2,5,6,2,100.000,5,3,5
55,23,2,13,2,1,1,1,5,4,1,100.000,5,3,5
55,23,2,14,2,1,1,1,6,4,1,100.000,5,3,5
55,23,2,15,3,4,1,1,7,1,1,100.000,5,3,5
55,23,2,16,3,4,2,2,7,6,1,0.958,5,3,5
55,23,2,17,3,4,1,1,2,5,2,2.466,5,3,5
55,23,2,18,3,4,2,2,5,6,2,100.000,5,3,5
55,23,2,19,3,4,2,2,5,7,2,100.000,5,3,5
55,23,2,20,3,4,2,2,7,4,1,0.568,5,3,5
55,23,2,21,3,4,2,2,5,3,2,100.000,5,3,5
55,23,2,22,4,3,2,2,6,5,2,100.000,5,3,5
55,23,2,23,4,3,1,1,1,5,1,100.000,5,3,5
55,23,2,24,4,3,1,1,4,6,2,0.508,5,3,5
55,23,2,25,4,3,1,1,2,1,1,100.000,5,3,5
55,23,2,26,4,3,2,2,4,3,2,100.000,5,3,5
55,23,2,27,4,3,2,2,7,4,1,0.438,5,3,5
55,23,2,28,4,3,1,1,6,7,2,0.210,5,3,5
56,30,2,1,1,2,1,1,5,3,1,100.000,12,28,9
56,30,2,2,1,2,1,1,4,5,2,1.230,12,28,9
56,30,2,3,1,2,2,2,1,7,2,100.000,12,28,9
56,30,2,4,1,2,1,1,2,4,2,1.656,12,28,9
56,30,2,5,1,2,2,2,7,3,1,1.282,12,28,9
56,30,2,6,1,2,2,2,1,6,2,100.000,12,28,9
56,30,2,7,1,2,2,2,5,1,1,1.958,12,28,9
56,30,2,8,2,1,1,1,7,6,1,100.000,12,28,9
56,30,2,9,2,1,2,2,7,2,1,0.886,12,28,9
56,30,2,10,2,1,2,2,3,4,2,1.068,12,28,9
56,30,2,11,2,1,2,2,7,4,1,0.834,12,28,9
56,30,2,12,2,1,1,1,7,5,1,100.000,12,28,9
56,30,2,13,2,1,2,2,6,1,2,100.000,12,28,9
56,30,2,14,2,1,2,2,1,5,2,1.448,12,28,9
56,30,2,15,3,4,1,1,4,6,2,3.594,12,28,9
56,30,2,16,3,4,1,2,4,3,1,2.656,12,28,9
56,30,2,17,3,4,1,1,4,2,1,100.000,12,28,9
56,30,2,18,3,4,2,2,1,2,2,3.952,12,28,9
56,30,2,19,3,4,2,2,3,6,2,100.000,12,28,9
56,30,2,20,3,4,2,2,1,3,2,-3.418,12,28,9
56,30,2,21,3,4,2,2,6,1,1,1.832,12,28,9
56,30,2,22,4,3,1,1,2,4,2,0.360,12,28,9
56,30,2,23,4,3,1,1,6,3,1,100.000,12,28,9
56,30,2,24,4,3,2,2,3,5,1,0.642,12,28,9
56,30,2,25,4,3,1,1,3,7,2,0.826,12,28,9
56,30,2,26,4,3,1,1,6,2,1,100.000,12,28,9
56,30,2,27,4,3,2,2,4,1,1,0.460,12,28,9
56,30,2,28,4,3,1,1,5,2,1,100.000,12,28,9
57,25,1,1,1,2,2,2,7,1,1,0.848,7,0,10
57,25,1,2,1,2,1,1,4,1,1,100.000,7,0,10
57,25,1,3,1,2,2,2,3,1,2,100.000,7,0,10
57,25,1,4,1,2,2,2,4,7,2,100.000,7,0,10
57,25,1,5,1,2,1,1,5,7,2,1.438,7,0,10
57,25,1,6,1,2,2,2,6,7,2,100.000,7,0,10
57,25,1,7,1,2,1,1,3,5,2,1.970,7,0,10
57,25,1,8,2,1,2,2,2,7,2,100.000,7,0,10
57,25,1,9,2,1,1,1,2,3,1,100.000,7,0,10
57,25,1,10,2,1,1,1,5,2,1,100.000,7,0,10
57,25,1,11,2,1,2,2,4,2,2,100.000,7,0,10
57,25,1,12,2,1,1,1,3,5,2,0.834,7,0,10
57,25,1,13,2,1,1,1,4,5,2,0.804,7,0,10
57,25,1,14,2,1,1,1,6,7,2,1.130,7,0,10
57,25,1,15,3,4,1,1,2,4,1,100.000,7,0,10
57,25,1,16,3,4,1,1,1,7,2,1.964,7,0,10
57,25,1,17,3,4,2,2,6,3,1,1.584,7,0,10
57,25,1,18,3,4,2,2,2,1,2,100.000,7,0,10
57,25,1,19,3,4,1,1,6,2,1,100.000,7,0,10
57,25,1,20,3,4,2,2,5,4,2,100.000,7,0,10
57,25,1,21,3,4,1,1,5,2,1,100.000,7,0,10
57,25,1,22,4,3,2,2,3,2,1,1.052,7,0,10
57,25,1,23,4,3,1,1,7,6,1,0.578,7,0,10
57,25,1,24,4,3,1,1,7,1,1,100.000,7,0,10
57,25,1,25,4,3,2,2,1,4,1,1.094,7,0,10
57,25,1,26,4,3,1,1,2,5,2,0.766,7,0,10
57,25,1,27,4,3,1,1,4,2,2,1.032,7,0,10
57,25,1,28,4,3,1,1,7,3,1,100.000,7,0,10
58,25,2,1,1,1,1,1,6,2,1,100.000,0,3,4
58,25,2,2,1,1,1,1,6,3,1,100.000,0,3,4
58,25,2,3,1,1,2,2,3,7,2,100.000,0,3,4
58,25,2,4,1,1,2,2,5,1,1,1.212,0,3,4
58,25,2,5,1,1,1,1,4,1,1,1.052,0,3,4
58,25,2,6,1,1,1,1,1,3,2,0.876,0,3,4
58,25,2,7,1,1,2,2,6,5,2,1.526,0,3,4
58,25,2,8,2,2,2,2,2,6,2,100.000,0,3,4
58,25,2,9,2,2,2,2,1,2,2,100.000,0,3,4
58,25,2,10,2,2,2,2,1,5,2,100.000,0,3,4
58,25,2,11,2,2,1,1,5,2,1,100.000,0,3,4
58,25,2,12,2,2,1,1,3,4,2,1.834,0,3,4
58,25,2,13,2,2,2,2,6,1,1,0.950,0,3,4
58,25,2,14,2,2,2,2,7,2,1,1.056,0,3,4
58,25,2,15,3,3,1,1,2,6,1,0.928,0,3,4
58,25,2,16,3,3,2,2,4,7,2,0.868,0,3,4
58,25,2,17,3,3,2,2,3,1,1,0.328,0,3,4
58,25,2,18,3,3,1,1,5,1,1,100.000,0,3,4
58,25,2,19,3,3,1,1,6,4,1,100.000,0,3,4
58,25,2,20,3,3,2,2,6,1,1,0.326,0,3,4
58,25,2,21,3,3,2,2,5,3,1,0.368,0,3,4
58,25,2,22,4,4,1,1,4,1,1,100.000,0,3,4
58,25,2,23,4,4,2,2,4,7,2,100.000,0,3,4
58,25,2,24,4,4,1,1,7,2,1,100.000,0,3,4
58,25,2,25,4,4,1,1,2,3,2,0.668,0,3,4
58,25,2,26,4,4,1,1,3,4,2,2.924,0,3,4
58,25,2,27,4,4,2,2,6,5,1,0.724,0,3,4
58,25,2,28,4,4,2,2,3,1,1,1.350,0,3,4
60,23,1,8,2,3,1,1,2,6,2,0.326,6,0,4
60,23,1,9,2,3,2,2,1,4,2,100.000,6,0,4
60,23,1,10,2,3,1,1,1,5,2,0.674,6,0,4
60,23,1,11,2,3,1,1,2,5,2,0.380,6,0,4
60,23,1,12,2,3,1,1,5,4,2,0.598,6,0,4
60,23,1,13,2,3,1,1,5,3,2,0.886,6,0,4
60,23,1,14,2,3,2,2,1,2,1,0.970,6,0,4
60,23,1,1,1,4,1,1,7,5,1,100.000,6,0,4
60,23,1,2,1,4,2,2,6,1,1,0.812,6,0,4
60,23,1,3,1,4,1,1,7,4,1,100.000,6,0,4
60,23,1,4,1,4,2,2,1,7,2,100.000,6,0,4
60,23,1,5,1,4,1,1,1,2,2,2.422,6,0,4
60,23,1,6,1,4,1,2,2,6,2,-0.024,6,0,4
60,23,1,7,1,4,1,1,4,1,1,100.000,6,0,4
60,23,1,22,4,1,1,1,6,3,2,0.558,6,0,4
60,23,1,23,4,1,2,2,3,4,1,0.672,6,0,4
60,23,1,24,4,1,2,2,7,3,1,0.856,6,0,4
60,23,1,25,4,1,2,2,1,2,2,100.000,6,0,4
60,23,1,26,4,1,1,1,2,4,2,0.872,6,0,4
60,23,1,27,4,1,1,1,4,7,2,0.660,6,0,4
60,23,1,28,4,1,2,2,6,7,2,100.000,6,0,4
60,23,1,15,3,2,2,2,3,6,2,100.000,6,0,4
60,23,1,16,3,2,2,2,7,4,1,0.848,6,0,4
60,23,1,17,3,2,1,1,4,1,1,100.000,6,0,4
60,23,1,18,3,2,1,1,1,3,2,1.054,6,0,4
60,23,1,19,3,2,2,2,5,4,1,0.994,6,0,4
60,23,1,20,3,2,1,1,2,6,2,0.778,6,0,4
60,23,1,21,3,2,1,1,7,3,1,100.000,6,0,4
61,25,1,8,2,4,1,1,7,6,1,100.000,7,0,15
61,25,1,9,2,4,1,1,5,4,2,3.706,7,0,15
61,25,1,10,2,4,2,2,6,4,1,2.834,7,0,15
61,25,1,11,2,4,1,1,7,3,1,100.000,7,0,15
61,25,1,12,2,4,1,1,3,1,1,100.000,7,0,15
61,25,1,13,2,4,1,1,5,1,1,100.000,7,0,15
61,25,1,14,2,4,2,2,6,3,1,1.684,7,0,15
61,25,1,1,1,3,2,2,3,7,2,100.000,7,0,15
61,25,1,2,1,3,1,1,2,3,2,0.490,7,0,15
61,25,1,3,1,3,2,2,1,3,2,100.000,7,0,15
61,25,1,4,1,3,2,2,5,6,2,100.000,7,0,15
61,25,1,5,1,3,1,1,2,7,2,0.622,7,0,15
61,25,1,6,1,3,1,1,3,4,2,1.054,7,0,15
61,25,1,7,1,3,2,2,3,6,2,100.000,7,0,15
61,25,1,22,4,2,1,1,3,4,2,1.932,7,0,15
61,25,1,23,4,2,2,2,6,4,1,1.106,7,0,15
61,25,1,24,4,2,2,2,5,6,2,100.000,7,0,15
61,25,1,25,4,2,2,2,6,1,1,1.578,7,0,15
61,25,1,26,4,2,1,1,7,1,1,100.000,7,0,15
61,25,1,27,4,2,1,1,3,5,2,1.182,7,0,15
61,25,1,28,4,2,2,2,3,2,1,1.698,7,0,15
61,25,1,15,3,1,2,2,1,7,2,100.000,7,0,15
61,25,1,16,3,1,1,1,7,2,1,100.000,7,0,15
61,25,1,17,3,1,1,1,6,2,1,100.000,7,0,15
61,25,1,18,3,1,1,1,4,6,2,0.916,7,0,15
61,25,1,19,3,1,2,2,4,1,1,0.974,7,0,15
61,25,1,20,3,1,2,2,5,3,1,0.900,7,0,15
61,25,1,21,3,1,1,1,5,7,2,1.336,7,0,15
62,19,1,1,1,2,2,2,7,6,1,1.054,2,0,9
62,19,1,2,1,2,1,1,2,5,2,3.342,2,0,9
62,19,1,3,1,2,1,1,4,2,1,100.000,2,0,9
62,19,1,4,1,2,1,1,2,7,2,1.078,2,0,9
62,19,1,5,1,2,2,2,2,1,1,1.444,2,0,9
62,19,1,6,1,2,1,1,7,5,1,100.000,2,0,9
62,19,1,7,1,2,2,2,5,1,1,1.392,2,0,9
62,19,1,8,2,1,2,2,3,1,1,0.738,2,0,9
62,19,1,9,2,1,2,2,5,6,2,100.000,2,0,9
62,19,1,10,2,1,1,1,5,2,1,100.000,2,0,9
62,19,1,11,2,1,1,1,5,1,1,1.144,2,0,9
62,19,1,12,2,1,1,1,6,1,1,100.000,2,0,9
62,19,1,13,2,1,2,2,5,4,1,0.818,2,0,9
62,19,1,14,2,1,1,1,2,3,2,1.294,2,0,9
62,19,1,15,3,4,2,2,4,2,1,1.540,2,0,9
62,19,1,16,3,4,2,2,5,2,1,0.300,2,0,9
62,19,1,17,3,4,2,2,2,7,2,100.000,2,0,9
62,19,1,18,3,4,1,2,5,6,2,-0.292,2,0,9
62,19,1,19,3,4,1,1,3,2,1,100.000,2,0,9
62,19,1,20,3,4,2,2,3,4,2,100.000,2,0,9
62,19,1,21,3,4,1,1,5,3,1,3.238,2,0,9
62,19,1,22,4,3,2,2,2,4,2,100.000,2,0,9
62,19,1,23,4,3,2,2,7,6,1,0.446,2,0,9
62,19,1,24,4,3,2,2,7,1,1,0.196,2,0,9
62,19,1,25,4,3,1,1,7,4,1,100.000,2,0,9
62,19,1,26,4,3,1,1,5,7,2,0.020,2,0,9
62,19,1,27,4,3,1,1,6,4,1,100.000,2,0,9
62,19,1,28,4,3,2,2,6,1,1,0.302,2,0,9
64,20,1,8,2,3,1,1,6,2,1,0.562,1,0,13
64,20,1,9,2,3,2,2,1,6,2,100.000,1,0,13
64,20,1,10,2,3,1,1,4,5,1,100.000,1,0,13
64,20,1,11,2,3,1,1,7,5,1,100.000,1,0,13
64,20,1,12,2,3,1,1,7,2,1,100.000,1,0,13
64,20,1,13,2,3,1,1,4,3,1,100.000,1,0,13
64,20,1,14,2,3,1,1,5,2,1,100.000,1,0,13
64,20,1,1,1,4,2,2,4,6,2,100.000,1,0,13
64,20,1,2,1,4,1,1,6,2,1,100.000,1,0,13
64,20,1,3,1,4,1,1,1,4,2,0.368,1,0,13
64,20,1,4,1,4,2,2,7,2,1,0.378,1,0,13
64,20,1,5,1,4,1,1,2,1,2,2.612,1,0,13
64,20,1,6,1,4,1,1,3,7,2,0.132,1,0,13
64,20,1,7,1,4,1,2,6,7,2,-0.146,1,0,13
64,20,1,22,4,1,2,2,3,5,2,100.000,1,0,13
64,20,1,23,4,1,2,2,7,1,1,0.696,1,0,13
64,20,1,24,4,1,2,2,4,5,2,100.000,1,0,13
64,20,1,25,4,1,2,2,2,1,1,1.282,1,0,13
64,20,1,26,4,1,1,1,3,6,2,0.908,1,0,13
64,20,1,27,4,1,1,1,6,4,1,100.000,1,0,13
64,20,1,28,4,1,2,2,7,6,1,0.886,1,0,13
64,20,1,15,3,2,2,2,1,6,2,100.000,1,0,13
64,20,1,16,3,2,1,1,7,2,1,100.000,1,0,13
64,20,1,17,3,2,1,1,3,7,2,0.910,1,0,13
64,20,1,18,3,2,1,1,6,2,1,100.000,1,0,13
64,20,1,19,3,2,1,1,1,4,2,1.498,1,0,13
64,20,1,20,3,2,1,1,5,7,2,0.860,1,0,13
64,20,1,21,3,2,2,2,6,3,1,1.546,1,0,13
67,22,2,1,1,1,1,1,7,3,1,100.000,4,14,12
67,22,2,2,1,1,2,2,5,2,1,0.504,4,14,12
67,22,2,3,1,1,2,2,6,1,1,1.078,4,14,12
67,22,2,4,1,1,1,1,1,2,1,100.000,4,14,12
67,22,2,5,1,1,1,1,3,1,1,100.000,4,14,12
67,22,2,6,1,1,2,2,6,2,1,1.024,4,14,12
67,22,2,7,1,1,1,1,5,3,1,100.000,4,14,12
67,22,2,8,2,2,1,1,3,6,2,1.536,4,14,12
67,22,2,9,2,2,2,2,4,2,1,1.830,4,14,12
67,22,2,10,2,2,1,1,7,6,1,100.000,4,14,12
67,22,2,11,2,2,1,1,5,4,1,100.000,4,14,12
67,22,2,12,2,2,1,1,2,1,1,100.000,4,14,12
67,22,2,13,2,2,2,2,2,5,2,100.000,4,14,12
67,22,2,14,2,2,1,1,5,6,1,100.000,4,14,12
67,22,2,15,3,3,2,2,2,3,2,100.000,4,14,12
67,22,2,16,3,3,1,1,2,4,2,0.290,4,14,12
67,22,2,17,3,3,1,1,1,4,2,0.196,4,14,12
67,22,2,18,3,3,2,2,2,5,2,100.000,4,14,12
67,22,2,19,3,3,1,1,6,1,1,100.000,4,14,12
67,22,2,20,3,3,2,2,6,4,1,0.462,4,14,12
67,22,2,21,3,3,1,1,3,6,2,0.502,4,14,12
67,22,2,22,4,4,2,2,1,2,2,100.000,4,14,12
67,22,2,23,4,4,1,1,6,1,1,100.000,4,14,12
67,22,2,24,4,4,1,1,3,4,1,100.000,4,14,12
67,22,2,25,4,4,2,2,5,1,1,2.870,4,14,12
67,22,2,26,4,4,2,2,5,6,2,100.000,4,14,12
67,22,2,27,4,4,2,2,7,3,1,1.664,4,14,12
67,22,2,28,4,4,1,1,6,4,1,100.000,4,14,12
68,23,1,8,2,4,2,2,7,6,1,1.094,6,0,10
68,23,1,9,2,4,2,2,2,6,2,100.000,6,0,10
68,23,1,10,2,4,2,2,5,4,1,2.992,6,0,10
68,23,1,11,2,4,2,2,3,2,1,1.898,6,0,10
68,23,1,12,2,4,2,2,7,4,1,1.396,6,0,10
68,23,1,13,2,4,1,1,6,3,1,100.000,6,0,10
68,23,1,14,2,4,2,2,7,5,1,0.302,6,0,10
68,23,1,1,1,3,1,1,3,7,2,0.248,6,0,10
68,23,1,2,1,3,1,1,7,6,1,100.000,6,0,10
68,23,1,3,1,3,1,1,7,1,1,100.000,6,0,10
68,23,1,4,1,3,2,2,7,4,1,0.268,6,0,10
68,23,1,5,1,3,2,2,3,4,2,0.588,6,0,10
68,23,1,6,1,3,2,2,2,6,2,100.000,6,0,10
68,23,1,7,1,3,1,1,1,3,2,0.210,6,0,10
68,23,1,22,4,2,1,1,3,2,1,100.000,6,0,10
68,23,1,23,4,2,2,2,3,4,2,100.000,6,0,10
68,23,1,24,4,2,2,2,3,5,2,100.000,6,0,10
68,23,1,25,4,2,1,1,5,1,1,100.000,6,0,10
68,23,1,26,4,2,2,2,2,6,2,100.000,6,0,10
68,23,1,27,4,2,2,2,7,5,1,1.126,6,0,10
68,23,1,28,4,2,2,2,2,7,2,100.000,6,0,10
68,23,1,15,3,1,2,2,6,3,1,0.830,6,0,10
68,23,1,16,3,1,1,1,5,4,1,100.000,6,0,10
68,23,1,17,3,1,2,2,2,4,2,100.000,6,0,10
68,23,1,18,3,1,2,2,5,7,2,100.000,6,0,10
68,23,1,19,3,1,1,1,3,4,2,1.376,6,0,10
68,23,1,20,3,1,2,2,4,7,2,100.000,6,0,10
68,23,1,21,3,1,1,1,4,1,1,100.000,6,0,10
69,25,2,1,1,2,2,2,3,7,2,100.000,8,0,11
69,25,2,2,1,2,1,1,1,2,1,100.000,8,0,11
69,25,2,3,1,2,2,2,3,1,1,1.924,8,0,11
69,25,2,4,1,2,2,2,5,3,1,1.834,8,0,11
69,25,2,5,1,2,2,2,1,7,2,100.000,8,0,11
69,25,2,6,1,2,2,2,6,2,1,1.838,8,0,11
69,25,2,7,1,2,1,1,4,7,2,0.898,8,0,11
69,25,2,8,2,1,1,1,4,5,2,1.140,8,0,11
69,25,2,9,2,1,2,2,2,7,2,100.000,8,0,11
69,25,2,10,2,1,2,2,1,5,2,100.000,8,0,11
69,25,2,11,2,1,1,1,1,4,1,100.000,8,0,11
69,25,2,12,2,1,2,2,4,2,1,0.898,8,0,11
69,25,2,13,2,1,1,1,3,5,2,0.844,8,0,11
69,25,2,14,2,1,1,1,2,1,1,100.000,8,0,11
69,25,2,15,3,3,1,1,6,3,1,100.000,8,0,11
69,25,2,16,3,3,1,1,2,1,1,100.000,8,0,11
69,25,2,17,3,3,2,2,3,2,1,0.742,8,0,11
69,25,2,18,3,3,1,1,4,1,1,100.000,8,0,11
69,25,2,19,3,3,1,1,7,3,1,100.000,8,0,11
69,25,2,20,3,3,2,2,3,5,2,100.000,8,0,11
69,25,2,21,3,3,1,1,6,5,1,100.000,8,0,11
69,25,2,22,4,4,2,2,4,7,2,100.000,8,0,11
69,25,2,23,4,4,2,2,1,3,2,100.000,8,0,11
69,25,2,24,4,4,1,1,7,2,1,100.000,8,0,11
69,25,2,25,4,4,1,1,3,6,2,0.064,8,0,11
69,25,2,26,4,4,2,2,3,7,2,100.000,8,0,11
69,25,2,27,4,4,2,2,5,7,2,100.000,8,0,11
69,25,2,28,4,4,1,1,7,1,1,100.000,8,0,11
70,23,1,1,1,1,2,2,6,4,1,1.296,5,0,13
70,23,1,2,1,1,1,1,1,3,2,1.456,5,0,13
70,23,1,3,1,1,2,2,3,6,2,100.000,5,0,13
70,23,1,4,1,1,2,2,1,6,2,100.000,5,0,13
70,23,1,5,1,1,2,2,3,2,1,1.512,5,0,13
70,23,1,6,1,1,2,2,7,4,1,0.940,5,0,13
70,23,1,7,1,1,1,1,4,3,1,100.000,5,0,13
70,23,1,8,2,2,1,1,2,3,2,0.840,5,0,13
70,23,1,9,2,2,2,2,7,2,1,0.836,5,0,13
70,23,1,10,2,2,2,2,2,4,2,100.000,5,0,13
70,23,1,11,2,2,1,1,1,5,2,0.936,5,0,13
70,23,1,12,2,2,1,1,1,6,2,0.788,5,0,13
70,23,1,13,2,2,2,2,1,4,2,100.000,5,0,13
70,23,1,14,2,2,1,1,6,3,1,100.000,5,0,13
70,23,1,15,3,3,1,1,6,7,2,0.628,5,0,13
70,23,1,16,3,3,2,2,5,2,1,0.456,5,0,13
70,23,1,17,3,3,2,2,4,6,2,100.000,5,0,13
70,23,1,18,3,3,2,2,5,1,1,0.336,5,0,13
70,23,1,19,3,3,2,2,4,7,2,100.000,5,0,13
70,23,1,20,3,3,2,2,4,3,1,0.328,5,0,13
70,23,1,21,3,3,1,1,1,7,2,0.402,5,0,13
70,23,1,22,4,4,1,1,4,6,2,0.580,5,0,13
70,23,1,23,4,4,2,2,6,7,2,100.000,5,0,13
70,23,1,24,4,4,2,2,6,2,1,0.222,5,0,13
70,23,1,25,4,4,2,2,1,5,2,100.000,5,0,13
70,23,1,26,4,4,1,2,1,6,2,-0.158,5,0,13
70,23,1,27,4,4,2,1,6,5,1,-0.068,5,0,13
70,23,1,28,4,4,2,2,1,4,2,100.000,5,0,13
71,19,1,1,1,2,1,1,4,5,2,1.502,2,0,8
71,19,1,2,1,2,1,1,4,6,2,1.634,2,0,8
71,19,1,3,1,2,2,2,4,3,2,100.000,2,0,8
71,19,1,4,1,2,1,1,6,7,2,1.714,2,0,8
71,19,1,5,1,2,2,2,5,7,2,100.000,2,0,8
71,19,1,6,1,2,2,2,5,2,1,1.648,2,0,8
71,19,1,7,1,2,1,1,6,5,1,100.000,2,0,8
71,19,1,8,2,1,1,1,3,7,2,0.786,2,0,8
71,19,1,9,2,1,2,2,2,6,2,100.000,2,0,8
71,19,1,10,2,1,1,1,7,1,1,100.000,2,0,8
71,19,1,11,2,1,2,2,2,5,2,100.000,2,0,8
71,19,1,12,2,1,2,2,7,5,1,0.994,2,0,8
71,19,1,13,2,1,1,1,6,5,1,100.000,2,0,8
71,19,1,14,2,1,1,1,7,6,1,100.000,2,0,8
71,19,1,15,3,4,2,2,4,5,2,100.000,2,0,8
71,19,1,16,3,4,2,2,2,1,2,100.000,2,0,8
71,19,1,17,3,4,1,1,2,5,2,2.198,2,0,8
71,19,1,18,3,4,2,2,3,5,2,100.000,2,0,8
71,19,1,19,3,4,2,2,2,3,1,2.120,2,0,8
71,19,1,20,3,4,1,1,2,4,1,2.042,2,0,8
71,19,1,21,3,4,1,1,4,3,1,100.000,2,0,8
71,19,1,22,4,3,1,1,1,6,1,100.000,2,0,8
71,19,1,23,4,3,1,1,4,2,2,1.182,2,0,8
71,19,1,24,4,3,2,2,7,2,1,0.820,2,0,8
71,19,1,25,4,3,2,2,4,5,2,100.000,2,0,8
71,19,1,26,4,3,1,1,3,1,2,0.834,2,0,8
71,19,1,27,4,3,2,2,6,2,1,0.550,2,0,8
71,19,1,28,4,3,2,2,7,5,1,0.502,2,0,8
72,21,1,1,1,4,2,2,2,5,2,100.000,4,0,11
72,21,1,2,1,4,1,1,6,3,1,100.000,4,0,11
72,21,1,3,1,4,1,1,3,2,1,100.000,4,0,11
72,21,1,4,1,4,1,1,5,7,2,1.876,4,0,11
72,21,1,5,1,4,2,2,1,2,2,100.000,4,0,11
72,21,1,6,1,4,2,2,2,7,2,100.000,4,0,11
72,21,1,7,1,4,1,1,1,7,2,0.446,4,0,11
72,21,1,8,2,3,1,1,3,1,1,100.000,4,0,11
72,21,1,9,2,3,1,1,2,4,2,0.490,4,0,11
72,21,1,10,2,3,1,1,5,6,2,0.922,4,0,11
72,21,1,11,2,3,2,2,6,3,2,100.000,4,0,11
72,21,1,12,2,3,2,2,4,7,2,100.000,4,0,11
72,21,1,13,2,3,1,1,1,4,2,0.552,4,0,11
72,21,1,14,2,3,2,2,6,2,1,0.458,4,0,11
72,21,1,15,3,1,2,2,4,1,1,1.172,4,0,11
72,21,1,16,3,1,2,2,4,6,2,100.000,4,0,11
72,21,1,17,3,1,2,2,2,3,2,100.000,4,0,11
72,21,1,18,3,1,2,2,3,7,2,100.000,4,0,11
72,21,1,19,3,1,1,1,1,7,2,0.768,4,0,11
72,21,1,20,3,1,2,2,1,2,2,100.000,4,0,11
72,21,1,21,3,1,2,2,4,2,1,0.916,4,0,11
72,21,1,22,4,2,1,1,3,5,2,0.984,4,0,11
72,21,1,23,4,2,1,1,4,7,2,0.782,4,0,11
72,21,1,24,4,2,1,1,7,5,1,100.000,4,0,11
72,21,1,25,4,2,1,1,3,6,2,0.884,4,0,11
72,21,1,26,4,2,2,2,7,6,1,0.902,4,0,11
72,21,1,27,4,2,2,2,7,2,1,0.710,4,0,11
72,21,1,28,4,2,1,1,5,2,1,100.000,4,0,11
73,22,1,8,2,3,1,2,6,7,2,-0.032,2,0,6
73,22,1,9,2,3,1,1,2,1,2,0.780,2,0,6
73,22,1,10,2,3,1,1,5,1,1,100.000,2,0,6
73,22,1,11,2,3,1,1,3,5,2,0.894,2,0,6
73,22,1,12,2,3,1,1,7,1,1,100.000,2,0,6
73,22,1,13,2,3,2,2,4,5,1,0.450,2,0,6
73,22,1,14,2,3,1,1,3,7,2,0.368,2,0,6
73,22,1,1,1,4,2,2,7,4,1,0.658,2,0,6
73,22,1,2,1,4,2,1,7,6,1,-0.460,2,0,6
73,22,1,3,1,4,1,1,4,6,2,0.368,2,0,6
73,22,1,4,1,4,2,2,5,3,1,2.088,2,0,6
73,22,1,5,1,4,1,1,6,2,1,100.000,2,0,6
73,22,1,6,1,4,1,1,1,3,2,1.070,2,0,6
73,22,1,7,1,4,1,2,5,6,2,-0.270,2,0,6
73,22,1,22,4,1,1,1,1,6,2,0.696,2,0,6
73,22,1,23,4,1,1,1,4,5,2,0.750,2,0,6
73,22,1,24,4,1,2,2,1,5,2,100.000,2,0,6
73,22,1,25,4,1,2,2,2,7,2,100.000,2,0,6
73,22,1,26,4,1,2,2,3,6,2,100.000,2,0,6
73,22,1,27,4,1,2,2,7,4,1,0.954,2,0,6
73,22,1,28,4,1,2,2,2,6,2,100.000,2,0,6
73,22,1,15,3,2,2,2,4,3,1,1.700,2,0,6
73,22,1,16,3,2,1,1,6,1,1,100.000,2,0,6
73,22,1,17,3,2,1,1,1,5,2,0.988,2,0,6
73,22,1,18,3,2,1,1,7,1,1,100.000,2,0,6
73,22,1,19,3,2,1,1,4,6,2,0.802,2,0,6
73,22,1,20,3,2,2,2,2,3,2,100.000,2,0,6
73,22,1,21,3,2,2,2,4,2,1,1.328,2,0,6
74,25,1,8,2,4,2,2,5,1,1,0.634,8,0,8
74,25,1,9,2,4,2,2,3,4,2,100.000,8,0,8
74,25,1,10,2,4,2,2,6,1,1,1.986,8,0,8
74,25,1,11,2,4,2,2,4,5,1,3.326,8,0,8
74,25,1,12,2,4,2,2,4,1,1,0.926,8,0,8
74,25,1,13,2,4,1,1,7,3,1,100.000,8,0,8
74,25,1,14,2,4,1,1,4,2,1,100.000,8,0,8
74,25,1,1,1,3,1,1,3,4,2,0.382,8,0,8
74,25,1,2,1,3,2,2,7,5,1,0.680,8,0,8
74,25,1,3,1,3,2,2,2,3,2,100.000,8,0,8
74,25,1,4,1,3,2,2,4,6,1,0.402,8,0,8
74,25,1,5,1,3,1,1,2,5,2,0.444,8,0,8
74,25,1,6,1,3,2,2,6,1,1,0.360,8,0,8
74,25,1,7,1,3,1,1,7,2,1,100.000,8,0,8
74,25,1,22,4,2,2,2,2,1,1,2.452,8,0,8
74,25,1,23,4,2,2,2,1,4,2,100.000,8,0,8
74,25,1,24,4,2,2,2,3,7,2,100.000,8,0,8
74,25,1,25,4,2,2,2,4,5,2,100.000,8,0,8
74,25,1,26,4,2,1,1,2,6,2,1.160,8,0,8
74,25,1,27,4,2,2,2,6,5,1,1.998,8,0,8
74,25,1,28,4,2,2,2,1,3,2,100.000,8,0,8
74,25,1,15,3,1,1,1,5,3,1,100.000,8,0,8
74,25,1,16,3,1,2,2,6,7,2,100.000,8,0,8
74,25,1,17,3,1,2,2,3,1,1,0.874,8,0,8
74,25,1,18,3,1,2,2,3,4,2,100.000,8,0,8
74,25,1,19,3,1,1,1,6,5,1,100.000,8,0,8
74,25,1,20,3,1,2,2,2,5,2,100.000,8,0,8
74,25,1,21,3,1,1,1,7,5,1,100.000,8,0,8
75,23,2,8,2,4,1,2,7,5,1,0.736,6,6,11
75,23,2,9,2,4,1,2,6,4,1,2.042,6,6,11
75,23,2,10,2,4,1,1,7,1,1,100.000,6,6,11
75,23,2,11,2,4,1,1,3,6,2,0.188,6,6,11
75,23,2,12,2,4,1,1,2,4,2,0.636,6,6,11
75,23,2,13,2,4,2,2,5,4,1,0.636,6,6,11
75,23,2,14,2,4,2,2,4,7,2,100.000,6,6,11
75,23,2,1,1,3,1,1,7,3,1,100.000,6,6,11
75,23,2,2,1,3,2,2,1,6,2,0.556,6,6,11
75,23,2,3,1,3,1,1,4,3,1,100.000,6,6,11
75,23,2,4,1,3,1,1,2,7,2,0.212,6,6,11
75,23,2,5,1,3,2,2,2,6,2,0.600,6,6,11
75,23,2,6,1,3,1,1,4,2,1,100.000,6,6,11
75,23,2,7,1,3,2,2,6,4,1,0.346,6,6,11
75,23,2,22,4,2,2,2,3,4,2,3.380,6,6,11
75,23,2,23,4,2,1,1,5,3,1,100.000,6,6,11
75,23,2,24,4,2,1,1,2,5,2,1.116,6,6,11
75,23,2,25,4,2,2,2,3,2,1,1.724,6,6,11
75,23,2,26,4,2,2,2,7,3,1,1.108,6,6,11
75,23,2,27,4,2,1,1,6,2,1,100.000,6,6,11
75,23,2,28,4,2,1,1,1,7,2,1.126,6,6,11
75,23,2,15,3,1,2,2,6,2,1,0.666,6,6,11
75,23,2,16,3,1,2,2,7,3,1,0.948,6,6,11
75,23,2,17,3,1,2,2,4,7,2,100.000,6,6,11
75,23,2,18,3,1,1,1,3,5,2,0.820,6,6,11
75,23,2,19,3,1,2,2,3,2,1,0.714,6,6,11
75,23,2,20,3,1,2,2,2,4,2,100.000,6,6,11
75,23,2,21,3,1,2,2,7,6,1,0.834,6,6,11
76,23,2,1,1,4,1,1,3,1,1,100.000,5,2,8
76,23,2,2,1,4,1,2,6,5,2,-11.026,5,2,8
76,23,2,3,1,4,2,2,6,7,2,100.000,5,2,8
76,23,2,4,1,4,2,2,1,4,2,100.000,5,2,8
76,23,2,5,1,4,2,2,2,1,1,0.680,5,2,8
76,23,2,6,1,4,1,2,2,3,2,-0.280,5,2,8
76,23,2,7,1,4,2,2,3,5,2,100.000,5,2,8
76,23,2,8,2,3,1,1,1,7,2,0.696,5,2,8
76,23,2,9,2,3,2,2,5,4,1,0.680,5,2,8
76,23,2,10,2,3,1,1,6,5,2,0.632,5,2,8
76,23,2,11,2,3,1,1,7,6,1,100.000,5,2,8
76,23,2,12,2,3,1,1,5,3,1,100.000,5,2,8
76,23,2,13,2,3,1,1,1,5,2,0.362,5,2,8
76,23,2,14,2,3,2,2,7,4,1,0.222,5,2,8
76,23,2,15,3,1,2,2,1,3,2,100.000,5,2,8
76,23,2,16,3,1,1,1,6,1,1,100.000,5,2,8
76,23,2,17,3,1,2,2,1,4,2,100.000,5,2,8
76,23,2,18,3,1,2,2,5,1,1,0.846,5,2,8
76,23,2,19,3,1,1,1,7,1,1,100.000,5,2,8
76,23,2,20,3,1,1,1,5,7,2,1.106,5,2,8
76,23,2,21,3,1,1,1,5,4,1,1.164,5,2,8
76,23,2,22,4,2,2,2,3,1,1,1.500,5,2,8
76,23,2,23,4,2,1,1,6,3,1,100.000,5,2,8
76,23,2,24,4,2,2,2,5,6,2,100.000,5,2,8
76,23,2,25,4,2,1,1,1,6,2,1.102,5,2,8
76,23,2,26,4,2,1,1,5,1,1,100.000,5,2,8
76,23,2,27,4,2,2,2,2,4,2,100.000,5,2,8
76,23,2,28,4,2,2,2,6,7,2,100.000,5,2,8
77,47,2,8,2,3,1,1,1,2,1,0.618,15,0,15
77,47,2,9,2,3,2,2,3,6,2,1.038,15,0,15
77,47,2,10,2,3,1,1,4,1,1,1.168,15,0,15
77,47,2,11,2,3,1,1,1,3,1,1.006,15,0,15
77,47,2,12,2,3,1,1,5,2,2,1.026,15,0,15
77,47,2,13,2,3,2,2,5,7,2,100.000,15,0,15
77,47,2,14,2,3,2,2,3,2,1,0.402,15,0,15
77,47,2,1,1,4,1,1,3,7,2,0.210,15,0,15
77,47,2,2,1,4,2,2,4,3,1,0.712,15,0,15
77,47,2,3,1,4,2,2,1,5,2,100.000,15,0,15
77,47,2,4,1,4,2,2,1,6,2,100.000,15,0,15
77,47,2,5,1,4,1,2,2,6,2,-0.316,15,0,15
77,47,2,6,1,4,2,2,7,2,1,0.242,15,0,15
77,47,2,7,1,4,2,2,5,2,1,0.054,15,0,15
77,47,2,22,4,1,2,2,6,4,1,0.766,15,0,15
77,47,2,23,4,1,1,1,5,6,1,100.000,15,0,15
77,47,2,24,4,1,2,2,4,3,1,1.384,15,0,15
77,47,2,25,4,1,2,2,7,2,1,1.098,15,0,15
77,47,2,26,4,1,2,2,2,1,1,0.812,15,0,15
77,47,2,27,4,1,2,2,6,3,1,1.028,15,0,15
77,47,2,28,4,1,2,2,5,2,1,1.068,15,0,15
77,47,2,15,3,2,2,2,2,7,2,100.000,15,0,15
77,47,2,16,3,2,1,1,7,4,1,100.000,15,0,15
77,47,2,17,3,2,2,2,4,1,1,1.528,15,0,15
77,47,2,18,3,2,2,2,1,2,2,100.000,15,0,15
77,47,2,19,3,2,2,2,5,4,1,1.102,15,0,15
77,47,2,20,3,2,1,1,6,4,1,100.000,15,0,15
77,47,2,21,3,2,1,1,5,7,2,1.316,15,0,15
78,20,2,1,1,3,2,2,5,1,2,0.862,3,1,9
78,20,2,2,1,3,1,1,6,3,1,100.000,3,1,9
78,20,2,3,1,3,2,2,2,1,1,1.122,3,1,9
78,20,2,4,1,3,2,2,7,1,1,0.280,3,1,9
78,20,2,5,1,3,2,2,1,4,2,0.198,3,1,9
78,20,2,6,1,3,2,2,7,2,1,0.226,3,1,9
78,20,2,7,1,3,1,1,4,5,1,0.826,3,1,9
78,20,2,8,2,4,1,1,4,5,1,100.000,3,1,9
78,20,2,9,2,4,2,2,5,6,2,100.000,3,1,9
78,20,2,10,2,4,2,2,6,2,1,0.512,3,1,9
78,20,2,11,2,4,2,1,7,3,1,-0.058,3,1,9
78,20,2,12,2,4,1,1,7,4,1,100.000,3,1,9
78,20,2,13,2,4,1,1,5,3,1,-12.176,3,1,9
78,20,2,14,2,4,2,2,1,3,2,100.000,3,1,9
78,20,2,15,3,2,2,2,5,2,1,1.200,3,1,9
78,20,2,16,3,2,2,2,2,6,2,100.000,3,1,9
78,20,2,17,3,2,2,2,3,6,2,100.000,3,1,9
78,20,2,18,3,2,1,1,6,5,2,3.902,3,1,9
78,20,2,19,3,2,2,2,7,1,1,1.120,3,1,9
78,20,2,20,3,2,2,2,3,5,2,100.000,3,1,9
78,20,2,21,3,2,1,1,1,4,2,1.964,3,1,9
78,20,2,22,4,1,2,2,4,5,2,100.000,3,1,9
78,20,2,23,4,1,1,1,3,6,2,0.684,3,1,9
78,20,2,24,4,1,1,1,1,2,2,1.134,3,1,9
78,20,2,25,4,1,1,1,4,2,2,1.178,3,1,9
78,20,2,26,4,1,1,1,4,6,2,0.988,3,1,9
78,20,2,27,4,1,1,1,2,3,2,0.780,3,1,9
78,20,2,28,4,1,1,1,3,4,2,1.350,3,1,9
79,23,2,8,2,3,2,2,3,1,1,0.650,6,0,10
79,23,2,9,2,3,2,2,2,5,2,100.000,6,0,10
79,23,2,10,2,3,2,2,3,5,2,100.000,6,0,10
79,23,2,11,2,3,1,1,2,3,2,0.682,6,0,10
79,23,2,12,2,3,2,2,2,4,2,100.000,6,0,10
79,23,2,13,2,3,1,1,6,1,1,100.000,6,0,10
79,23,2,14,2,3,2,2,3,4,2,100.000,6,0,10
79,23,2,1,1,4,1,1,6,1,1,100.000,6,0,10
79,23,2,2,1,4,1,1,4,1,1,100.000,6,0,10
79,23,2,3,1,4,2,2,4,6,2,100.000,6,0,10
79,23,2,4,1,4,1,1,3,4,2,1.640,6,0,10
79,23,2,5,1,4,1,1,5,1,1,100.000,6,0,10
79,23,2,6,1,4,2,2,1,7,2,100.000,6,0,10
79,23,2,7,1,4,2,2,3,2,1,0.892,6,0,10
79,23,2,22,4,1,1,1,6,7,2,0.862,6,0,10
79,23,2,23,4,1,2,2,5,3,1,1.188,6,0,10
79,23,2,24,4,1,2,2,7,5,1,0.812,6,0,10
79,23,2,25,4,1,2,2,1,6,2,100.000,6,0,10
79,23,2,26,4,1,2,2,6,5,1,0.936,6,0,10
79,23,2,27,4,1,1,1,4,1,1,100.000,6,0,10
79,23,2,28,4,1,1,1,7,4,1,100.000,6,0,10
79,23,2,15,3,2,1,1,2,1,1,100.000,6,0,10
79,23,2,16,3,2,1,1,4,2,1,100.000,6,0,10
79,23,2,17,3,2,1,1,4,5,2,0.978,6,0,10
79,23,2,18,3,2,2,2,1,5,2,100.000,6,0,10
79,23,2,19,3,2,1,1,7,2,1,100.000,6,0,10
79,23,2,20,3,2,1,1,4,3,1,100.000,6,0,10
79,23,2,21,3,2,2,2,7,5,1,0.938,6,0,10
80,20,2,1,1,1,1,1,2,5,2,1.488,0,5,4
80,20,2,2,1,1,1,1,3,7,2,0.812,0,5,4
80,20,2,3,1,1,1,1,2,6,2,0.606,0,5,4
80,20,2,4,1,1,1,1,1,5,2,0.828,0,5,4
80,20,2,5,1,1,2,2,1,7,2,100.000,0,5,4
80,20,2,6,1,1,1,1,2,7,2,0.488,0,5,4
80,20,2,7,1,1,1,1,3,1,1,1.596,0,5,4
80,20,2,8,2,2,2,2,6,1,1,0.862,0,5,4
80,20,2,9,2,2,1,1,2,3,2,1.036,0,5,4
80,20,2,10,2,2,2,2,4,7,2,100.000,0,5,4
80,20,2,11,2,2,1,1,1,3,2,1.016,0,5,4
80,20,2,12,2,2,1,1,7,6,1,100.000,0,5,4
80,20,2,13,2,2,1,1,3,7,2,1.324,0,5,4
80,20,2,14,2,2,2,2,4,6,2,100.000,0,5,4
80,20,2,15,3,4,1,1,2,5,2,1.482,0,5,4
80,20,2,16,3,4,2,2,4,2,1,0.030,0,5,4
80,20,2,17,3,4,2,2,5,7,2,100.000,0,5,4
80,20,2,18,3,4,1,1,2,7,2,1.214,0,5,4
80,20,2,19,3,4,2,2,6,3,1,1.830,0,5,4
80,20,2,20,3,4,1,1,7,6,1,100.000,0,5,4
80,20,2,21,3,4,1,1,1,2,1,100.000,0,5,4
80,20,2,22,4,3,1,1,7,5,1,100.000,0,5,4
80,20,2,23,4,3,2,2,3,7,2,100.000,0,5,4
80,20,2,24,4,3,1,1,6,2,1,100.000,0,5,4
80,20,2,25,4,3,1,1,4,7,2,0.426,0,5,4
80,20,2,26,4,3,1,1,4,6,2,0.410,0,5,4
80,20,2,27,4,3,2,2,5,6,2,100.000,0,5,4
80,20,2,28,4,3,2,2,6,7,2,100.000,0,5,4
81,23,2,1,1,1,2,2,5,6,2,1.572,6,7,13
81,23,2,2,1,1,2,2,7,1,1,0.826,6,7,13
81,23,2,3,1,1,2,2,5,4,2,1.246,6,7,13
81,23,2,4,1,1,1,1,6,4,2,0.934,6,7,13
81,23,2,5,1,1,1,1,6,3,1,100.000,6,7,13
81,23,2,6,1,1,2,2,3,5,2,100.000,6,7,13
81,23,2,7,1,1,1,1,2,4,2,0.946,6,7,13
81,23,2,8,2,2,1,1,5,4,2,2.524,6,7,13
81,23,2,9,2,2,1,1,1,2,2,2.138,6,7,13
81,23,2,10,2,2,2,2,5,7,2,100.000,6,7,13
81,23,2,11,2,2,1,1,3,4,2,1.342,6,7,13
81,23,2,12,2,2,1,1,2,4,2,1.268,6,7,13
81,23,2,13,2,2,2,2,5,1,1,1.590,6,7,13
81,23,2,14,2,2,1,1,4,1,1,100.000,6,7,13
81,23,2,15,3,4,2,2,6,5,1,2.300,6,7,13
81,23,2,16,3,4,2,2,3,7,2,100.000,6,7,13
81,23,2,17,3,4,1,1,2,1,1,100.000,6,7,13
81,23,2,18,3,4,2,2,7,1,1,0.580,6,7,13
81,23,2,19,3,4,1,1,4,3,1,100.000,6,7,13
81,23,2,20,3,4,2,2,2,4,2,0.536,6,7,13
81,23,2,21,3,4,2,2,2,3,2,100.000,6,7,13
81,23,2,22,4,3,1,1,2,6,2,0.326,6,7,13
81,23,2,23,4,3,2,2,5,3,1,0.736,6,7,13
81,23,2,24,4,3,1,1,1,6,2,0.350,6,7,13
81,23,2,25,4,3,1,1,3,6,2,0.514,6,7,13
81,23,2,26,4,3,1,1,6,4,1,100.000,6,7,13
81,23,2,27,4,3,2,2,4,3,1,0.596,6,7,13
81,23,2,28,4,3,2,2,2,7,2,100.000,6,7,13
82,23,2,1,1,4,1,1,1,6,2,2.008,5,20,8
82,23,2,2,1,4,1,1,5,4,2,1.942,5,20,8
82,23,2,3,1,4,2,2,6,4,1,1.260,5,20,8
82,23,2,4,1,4,1,1,3,5,2,1.562,5,20,8
82,23,2,5,1,4,1,1,6,7,2,1.328,5,20,8
82,23,2,6,1,4,1,1,4,7,2,0.870,5,20,8
82,23,2,7,1,4,2,2,3,6,2,100.000,5,20,8
82,23,2,8,2,3,1,1,5,4,2,0.684,5,20,8
82,23,2,9,2,3,2,2,7,3,1,0.456,5,20,8
82,23,2,10,2,3,2,2,4,1,1,0.430,5,20,8
82,23,2,11,2,3,1,1,5,7,2,0.504,5,20,8
82,23,2,12,2,3,2,2,4,2,1,0.354,5,20,8
82,23,2,13,2,3,2,2,1,3,2,100.000,5,20,8
82,23,2,14,2,3,2,2,1,5,2,100.000,5,20,8
82,23,2,15,3,1,1,1,4,3,1,100.000,5,20,8
82,23,2,16,3,1,1,1,2,1,1,100.000,5,20,8
82,23,2,17,3,1,1,1,7,6,1,100.000,5,20,8
82,23,2,18,3,1,1,1,1,3,2,1.176,5,20,8
82,23,2,19,3,1,2,2,5,7,2,100.000,5,20,8
82,23,2,20,3,1,1,1,5,2,1,1.260,5,20,8
82,23,2,21,3,1,2,2,6,1,1,0.962,5,20,8
82,23,2,22,4,2,2,2,6,2,1,1.620,5,20,8
82,23,2,23,4,2,1,1,6,7,2,1.134,5,20,8
82,23,2,24,4,2,2,2,6,3,1,1.420,5,20,8
82,23,2,25,4,2,2,2,1,7,2,100.000,5,20,8
82,23,2,26,4,2,2,2,5,3,1,1.100,5,20,8
82,23,2,27,4,2,1,1,3,2,1,100.000,5,20,8
82,23,2,28,4,2,2,2,7,4,1,0.924,5,20,8
83,22,2,1,1,1,1,1,3,2,2,1.376,5,0,8
83,22,2,2,1,1,1,1,4,7,2,1.024,5,0,8
83,22,2,3,1,1,1,1,5,1,1,100.000,5,0,8
83,22,2,4,1,1,1,1,7,2,1,100.000,5,0,8
83,22,2,5,1,1,1,1,7,3,1,100.000,5,0,8
83,22,2,6,1,1,1,1,1,4,2,1.146,5,0,8
83,22,2,7,1,1,1,1,6,2,1,100.000,5,0,8
83,22,2,8,2,2,1,1,7,3,1,100.000,5,0,8
83,22,2,9,2,2,1,1,5,6,2,2.330,5,0,8
83,22,2,10,2,2,2,2,1,6,2,100.000,5,0,8
83,22,2,11,2,2,2,2,2,5,2,100.000,5,0,8
83,22,2,12,2,2,2,2,6,4,2,100.000,5,0,8
83,22,2,13,2,2,1,1,3,1,1,100.000,5,0,8
83,22,2,14,2,2,1,1,2,7,2,1.178,5,0,8
83,22,2,15,3,3,2,2,6,5,1,0.986,5,0,8
83,22,2,16,3,3,2,2,5,2,1,0.882,5,0,8
83,22,2,17,3,3,2,2,1,7,2,100.000,5,0,8
83,22,2,18,3,3,2,2,7,6,1,0.302,5,0,8
83,22,2,19,3,3,1,1,3,2,1,100.000,5,0,8
83,22,2,20,3,3,2,2,1,2,1,1.166,5,0,8
83,22,2,21,3,3,1,1,7,4,1,100.000,5,0,8
83,22,2,22,4,4,2,2,3,1,1,2.556,5,0,8
83,22,2,23,4,4,1,1,7,2,1,100.000,5,0,8
83,22,2,24,4,4,1,1,5,2,1,100.000,5,0,8
83,22,2,25,4,4,1,1,1,5,2,0.714,5,0,8
83,22,2,26,4,4,2,2,7,5,1,0.982,5,0,8
83,22,2,27,4,4,2,2,2,6,2,100.000,5,0,8
83,22,2,28,4,4,1,2,1,4,2,-0.502,5,0,8
84,25,2,1,1,1,1,1,4,2,1,1.324,8,15,13
84,25,2,2,1,1,1,1,7,1,1,100.000,8,15,13
84,25,2,3,1,1,1,1,5,6,2,0.636,8,15,13
84,25,2,4,1,1,2,2,1,5,2,100.000,8,15,13
84,25,2,5,1,1,2,2,1,2,2,100.000,8,15,13
84,25,2,6,1,1,2,2,4,6,2,100.000,8,15,13
84,25,2,7,1,1,2,2,5,3,1,0.642,8,15,13
84,25,2,8,2,2,2,2,6,3,1,0.762,8,15,13
84,25,2,9,2,2,1,1,7,1,1,100.000,8,15,13
84,25,2,10,2,2,2,2,1,5,2,100.000,8,15,13
84,25,2,11,2,2,2,2,6,1,1,0.794,8,15,13
84,25,2,12,2,2,1,1,5,2,1,100.000,8,15,13
84,25,2,13,2,2,1,1,7,5,1,100.000,8,15,13
84,25,2,14,2,2,1,1,2,3,1,100.000,8,15,13
84,25,2,15,3,3,2,2,6,2,1,0.728,8,15,13
84,25,2,16,3,3,2,2,3,2,2,1.182,8,15,13
84,25,2,17,3,3,1,1,6,3,1,100.000,8,15,13
84,25,2,18,3,3,2,2,1,5,2,1.196,8,15,13
84,25,2,19,3,3,1,1,5,6,1,0.756,8,15,13
84,25,2,20,3,3,1,1,1,6,2,0.372,8,15,13
84,25,2,21,3,3,2,2,4,2,2,0.948,8,15,13
84,25,2,22,4,4,2,2,2,3,2,100.000,8,15,13
84,25,2,23,4,4,1,1,1,3,2,1.684,8,15,13
84,25,2,24,4,4,1,1,5,7,2,0.824,8,15,13
84,25,2,25,4,4,1,1,6,3,1,100.000,8,15,13
84,25,2,26,4,4,2,2,6,4,1,1.294,8,15,13
84,25,2,27,4,4,2,2,4,1,1,0.702,8,15,13
84,25,2,28,4,4,1,1,6,1,1,100.000,8,15,13
85,19,2,1,1,2,2,2,3,1,1,1.858,1,0,8
85,19,2,2,1,2,1,1,7,4,1,100.000,1,0,8
85,19,2,3,1,2,2,2,5,4,1,2.180,1,0,8
85,19,2,4,1,2,1,1,7,6,1,100.000,1,0,8
85,19,2,5,1,2,2,2,2,1,1,3.096,1,0,8
85,19,2,6,1,2,1,1,5,3,1,100.000,1,0,8
85,19,2,7,1,2,2,2,4,1,1,2.252,1,0,8
85,19,2,8,2,1,1,1,5,2,1,100.000,1,0,8
85,19,2,9,2,1,1,1,5,4,1,100.000,1,0,8
85,19,2,10,2,1,2,2,3,4,1,1.160,1,0,8
85,19,2,11,2,1,2,2,6,3,1,0.846,1,0,8
85,19,2,12,2,1,2,2,7,5,1,1.016,1,0,8
85,19,2,13,2,1,1,1,3,7,2,0.842,1,0,8
85,19,2,14,2,1,2,2,1,4,2,100.000,1,0,8
85,19,2,15,3,4,1,1,6,2,1,100.000,1,0,8
85,19,2,16,3,4,2,2,5,4,2,100.000,1,0,8
85,19,2,17,3,4,1,1,5,1,1,100.000,1,0,8
85,19,2,18,3,4,2,2,7,2,1,1.002,1,0,8
85,19,2,19,3,4,1,1,5,3,1,100.000,1,0,8
85,19,2,20,3,4,2,1,7,4,1,-0.114,1,0,8
85,19,2,21,3,4,1,1,7,3,1,-7.844,1,0,8
85,19,2,22,4,3,2,2,4,1,1,0.336,1,0,8
85,19,2,23,4,3,1,1,1,2,2,0.466,1,0,8
85,19,2,24,4,3,2,2,3,1,1,0.262,1,0,8
85,19,2,25,4,3,1,1,5,2,1,100.000,1,0,8
85,19,2,26,4,3,2,2,5,7,2,-4.640,1,0,8
85,19,2,27,4,3,1,1,7,2,1,100.000,1,0,8
85,19,2,28,4,3,1,1,4,6,2,0.658,1,0,8
87,20,1,1,1,2,2,2,3,6,2,100.000,3,1,12
87,20,1,2,1,2,2,2,1,4,2,100.000,3,1,12
87,20,1,3,1,2,2,2,4,2,1,1.600,3,1,12
87,20,1,4,1,2,2,2,1,3,2,100.000,3,1,12
87,20,1,5,1,2,2,2,5,1,1,1.032,3,1,12
87,20,1,6,1,2,1,1,2,5,2,1.486,3,1,12
87,20,1,7,1,2,2,2,2,6,2,100.000,3,1,12
87,20,1,8,2,1,1,1,1,7,2,0.876,3,1,12
87,20,1,9,2,1,1,1,2,4,2,0.880,3,1,12
87,20,1,10,2,1,2,2,4,7,2,100.000,3,1,12
87,20,1,11,2,1,2,2,4,3,1,0.804,3,1,12
87,20,1,12,2,1,1,1,2,5,2,0.966,3,1,12
87,20,1,13,2,1,2,2,3,5,2,100.000,3,1,12
87,20,1,14,2,1,1,1,2,3,2,1.324,3,1,12
87,20,1,15,3,3,1,1,7,3,1,100.000,3,1,12
87,20,1,16,3,3,2,2,7,5,1,0.088,3,1,12
87,20,1,17,3,3,1,1,2,5,2,0.552,3,1,12
87,20,1,18,3,3,1,1,1,7,2,0.526,3,1,12
87,20,1,19,3,3,1,1,6,1,1,0.946,3,1,12
87,20,1,20,3,3,2,2,1,3,2,100.000,3,1,12
87,20,1,21,3,3,1,1,6,4,1,100.000,3,1,12
87,20,1,22,4,4,1,2,1,6,2,-0.204,3,1,12
87,20,1,23,4,4,1,1,3,7,2,0.232,3,1,12
87,20,1,24,4,4,1,1,1,5,2,0.488,3,1,12
87,20,1,25,4,4,1,1,2,6,2,0.266,3,1,12
87,20,1,26,4,4,1,1,7,1,1,100.000,3,1,12
87,20,1,27,4,4,2,2,1,4,2,100.000,3,1,12
87,20,1,28,4,4,2,2,2,7,2,100.000,3,1,12
88,21,1,1,1,1,2,2,6,7,2,100.000,4,0,10
88,21,1,2,1,1,2,2,6,4,1,1.470,4,0,10
88,21,1,3,1,1,1,1,1,6,2,1.146,4,0,10
88,21,1,4,1,1,1,1,4,5,2,1.194,4,0,10
88,21,1,5,1,1,2,2,7,2,1,0.882,4,0,10
88,21,1,6,1,1,2,2,2,1,1,1.102,4,0,10
88,21,1,7,1,1,2,2,6,2,1,0.880,4,0,10
88,21,1,8,2,2,2,2,7,3,1,0.844,4,0,10
88,21,1,9,2,2,1,1,5,7,2,0.986,4,0,10
88,21,1,10,2,2,1,1,3,5,2,1.036,4,0,10
88,21,1,11,2,2,2,2,1,2,2,100.000,4,0,10
88,21,1,12,2,2,1,1,1,7,2,0.964,4,0,10
88,21,1,13,2,2,1,1,4,7,2,0.646,4,0,10
88,21,1,14,2,2,2,2,5,6,2,100.000,4,0,10
88,21,1,15,3,4,1,1,3,6,2,1.942,4,0,10
88,21,1,16,3,4,1,1,3,5,2,2.668,4,0,10
88,21,1,17,3,4,1,1,3,1,1,100.000,4,0,10
88,21,1,18,3,4,2,2,4,7,2,100.000,4,0,10
88,21,1,19,3,4,2,2,2,4,2,100.000,4,0,10
88,21,1,20,3,4,2,2,3,2,1,0.558,4,0,10
88,21,1,21,3,4,1,1,7,5,1,100.000,4,0,10
88,21,1,22,4,3,2,2,3,5,2,100.000,4,0,10
88,21,1,23,4,3,2,2,2,6,2,100.000,4,0,10
88,21,1,24,4,3,1,1,2,1,1,100.000,4,0,10
88,21,1,25,4,3,1,1,3,6,2,0.348,4,0,10
88,21,1,26,4,3,2,2,2,3,2,100.000,4,0,10
88,21,1,27,4,3,2,2,1,4,2,100.000,4,0,10
88,21,1,28,4,3,2,2,4,5,2,1.026,4,0,10
89,21,1,1,1,1,1,1,7,3,1,1.206,4,0,12
89,21,1,2,1,1,2,2,5,1,2,1.108,4,0,12
89,21,1,3,1,1,2,2,3,6,2,100.000,4,0,12
89,21,1,4,1,1,1,1,3,1,1,100.000,4,0,12
89,21,1,5,1,1,2,2,4,1,2,100.000,4,0,12
89,21,1,6,1,1,1,1,6,5,1,100.000,4,0,12
89,21,1,7,1,1,2,2,5,7,2,1.162,4,0,12
89,21,1,8,2,2,2,2,2,7,2,100.000,4,0,12
89,21,1,9,2,2,1,1,6,7,2,0.958,4,0,12
89,21,1,10,2,2,1,1,3,2,1,100.000,4,0,12
89,21,1,11,2,2,2,2,4,5,2,100.000,4,0,12
89,21,1,12,2,2,2,2,1,6,2,100.000,4,0,12
89,21,1,13,2,2,2,2,3,4,2,100.000,4,0,12
89,21,1,14,2,2,2,2,4,6,2,100.000,4,0,12
89,21,1,15,3,3,1,1,2,7,2,0.684,4,0,12
89,21,1,16,3,3,1,1,7,6,1,100.000,4,0,12
89,21,1,17,3,3,2,2,4,3,2,100.000,4,0,12
89,21,1,18,3,3,2,2,5,1,2,100.000,4,0,12
89,21,1,19,3,3,1,1,6,5,1,100.000,4,0,12
89,21,1,20,3,3,2,2,2,4,2,100.000,4,0,12
89,21,1,21,3,3,2,2,7,4,1,0.314,4,0,12
89,21,1,22,4,4,2,2,7,6,1,0.500,4,0,12
89,21,1,23,4,4,2,2,4,5,2,100.000,4,0,12
89,21,1,24,4,4,2,2,4,6,2,100.000,4,0,12
89,21,1,25,4,4,1,1,4,3,2,0.768,4,0,12
89,21,1,26,4,4,1,2,2,5,2,-9.574,4,0,12
89,21,1,27,4,4,1,2,1,2,2,-11.284,4,0,12
89,21,1,28,4,4,1,2,5,6,2,-12.926,4,0,12
90,20,1,1,1,3,2,2,6,3,2,100.000,3,0,3
90,20,1,2,1,3,1,1,1,5,2,0.522,3,0,3
90,20,1,3,1,3,1,1,3,4,2,0.898,3,0,3
90,20,1,4,1,3,1,1,4,7,2,0.314,3,0,3
90,20,1,5,1,3,2,2,1,2,1,0.968,3,0,3
90,20,1,6,1,3,2,2,3,7,2,100.000,3,0,3
90,20,1,7,1,3,1,1,4,2,1,0.646,3,0,3
90,20,1,8,2,4,2,2,5,3,1,2.164,3,0,3
90,20,1,9,2,4,1,1,7,2,1,100.000,3,0,3
90,20,1,10,2,4,2,1,7,3,1,-0.180,3,0,3
90,20,1,11,2,4,2,2,5,2,1,0.680,3,0,3
90,20,1,12,2,4,1,1,7,4,1,100.000,3,0,3
90,20,1,13,2,4,1,1,6,7,2,0.534,3,0,3
90,20,1,14,2,4,2,2,5,7,2,100.000,3,0,3
90,20,1,15,3,2,1,1,6,4,1,100.000,3,0,3
90,20,1,16,3,2,1,1,2,1,1,100.000,3,0,3
90,20,1,17,3,2,1,1,4,1,1,1.716,3,0,3
90,20,1,18,3,2,1,1,4,3,1,100.000,3,0,3
90,20,1,19,3,2,1,1,6,3,1,100.000,3,0,3
90,20,1,20,3,2,1,1,6,5,1,100.000,3,0,3
90,20,1,21,3,2,1,1,6,1,1,100.000,3,0,3
90,20,1,22,4,1,1,1,7,5,1,100.000,3,0,3
90,20,1,23,4,1,2,2,4,2,1,1.318,3,0,3
90,20,1,24,4,1,2,2,5,2,1,1.188,3,0,3
90,20,1,25,4,1,2,2,5,4,1,1.036,3,0,3
90,20,1,26,4,1,1,1,7,4,1,100.000,3,0,3
90,20,1,27,4,1,1,1,2,7,2,0.810,3,0,3
90,20,1,28,4,1,1,1,7,6,1,100.000,3,0,3
91,24,2,1,1,1,2,2,1,3,1,1.458,6,6,9
91,24,2,2,1,1,1,1,6,3,1,100.000,6,6,9
91,24,2,3,1,1,1,1,1,2,1,1.504,6,6,9
91,24,2,4,1,1,1,1,1,4,2,1.164,6,6,9
91,24,2,5,1,1,1,1,3,4,2,1.304,6,6,9
91,24,2,6,1,1,2,2,6,1,1,0.902,6,6,9
91,24,2,7,1,1,2,2,3,7,1,1.328,6,6,9
91,24,2,8,2,2,1,1,5,4,1,100.000,6,6,9
91,24,2,9,2,2,2,2,7,1,1,2.448,6,6,9
91,24,2,10,2,2,1,1,3,1,1,100.000,6,6,9
91,24,2,11,2,2,2,2,7,5,1,1.112,6,6,9
91,24,2,12,2,2,2,2,7,6,1,0.772,6,6,9
91,24,2,13,2,2,2,2,7,4,1,0.680,6,6,9
91,24,2,14,2,2,1,1,3,7,2,0.702,6,6,9
91,24,2,15,3,3,1,1,4,1,1,100.000,6,6,9
91,24,2,16,3,3,1,1,3,2,1,100.000,6,6,9
91,24,2,17,3,3,2,2,7,2,1,0.754,6,6,9
91,24,2,18,3,3,1,1,5,3,1,100.000,6,6,9
91,24,2,19,3,3,2,2,7,1,1,0.332,6,6,9
91,24,2,20,3,3,2,2,6,7,2,100.000,6,6,9
91,24,2,21,3,3,2,2,5,2,1,0.334,6,6,9
91,24,2,22,4,4,1,1,5,4,2,2.510,6,6,9
91,24,2,23,4,4,2,2,3,4,2,-11.274,6,6,9
91,24,2,24,4,4,2,2,1,7,2,100.000,6,6,9
91,24,2,25,4,4,2,2,5,1,1,0.422,6,6,9
91,24,2,26,4,4,2,2,6,3,1,1.550,6,6,9
91,24,2,27,4,4,1,1,2,3,2,0.266,6,6,9
91,24,2,28,4,4,2,1,6,2,1,-0.482,6,6,9
93,19,1,1,1,4,2,2,3,1,1,2.622,2,0,12
93,19,1,2,1,4,1,1,4,5,1,100.000,2,0,12
93,19,1,3,1,4,2,2,1,2,2,100.000,2,0,12
93,19,1,4,1,4,2,2,3,5,2,100.000,2,0,12
93,19,1,5,1,4,2,2,7,1,1,1.830,2,0,12
93,19,1,6,1,4,2,2,2,5,2,100.000,2,0,12
93,19,1,7,1,4,2,2,3,7,2,100.000,2,0,12
93,19,1,8,2,3,2,2,1,7,2,100.000,2,0,12
93,19,1,9,2,3,1,1,2,4,2,0.702,2,0,12
93,19,1,10,2,3,1,1,3,5,2,0.742,2,0,12
93,19,1,11,2,3,1,1,1,3,2,0.862,2,0,12
93,19,1,12,2,3,2,2,7,3,1,0.510,2,0,12
93,19,1,13,2,3,2,2,6,1,1,0.674,2,0,12
93,19,1,14,2,3,1,1,2,3,2,1.016,2,0,12
93,19,1,15,3,1,2,2,7,3,1,0.806,2,0,12
93,19,1,16,3,1,2,2,2,3,2,1.148,2,0,12
93,19,1,17,3,1,1,1,5,7,2,1.184,2,0,12
93,19,1,18,3,1,1,1,6,2,1,100.000,2,0,12
93,19,1,19,3,1,1,1,5,1,1,100.000,2,0,12
93,19,1,20,3,1,1,1,2,1,1,100.000,2,0,12
93,19,1,21,3,1,1,1,6,4,1,100.000,2,0,12
93,19,1,22,4,2,1,1,3,4,2,3.064,2,0,12
93,19,1,23,4,2,1,1,2,7,2,0.952,2,0,12
93,19,1,24,4,2,2,2,2,5,2,100.000,2,0,12
93,19,1,25,4,2,1,1,3,6,2,1.192,2,0,12
93,19,1,26,4,2,2,2,6,7,2,100.000,2,0,12
93,19,1,27,4,2,2,2,4,7,2,100.000,2,0,12
93,19,1,28,4,2,1,1,1,2,2,2.374,2,0,12
94,23,1,8,2,3,1,1,2,6,2,0.672,6,0,10
94,23,1,9,2,3,2,2,3,6,2,100.000,6,0,10
94,23,1,10,2,3,1,1,7,5,1,100.000,6,0,10
94,23,1,11,2,3,1,1,5,1,1,100.000,6,0,10
94,23,1,12,2,3,2,2,6,4,1,0.812,6,0,10
94,23,1,13,2,3,1,1,4,3,1,100.000,6,0,10
94,23,1,14,2,3,1,1,4,5,1,100.000,6,0,10
94,23,1,1,1,4,2,2,3,6,2,3.406,6,0,10
94,23,1,2,1,4,2,2,1,6,2,2.690,6,0,10
94,23,1,3,1,4,2,2,2,6,2,2.256,6,0,10
94,23,1,4,1,4,1,1,1,4,2,3.238,6,0,10
94,23,1,5,1,4,2,2,5,6,2,2.502,6,0,10
94,23,1,6,1,4,1,1,7,6,1,100.000,6,0,10
94,23,1,7,1,4,1,1,2,4,2,2.322,6,0,10
94,23,1,22,4,1,2,2,1,7,2,100.000,6,0,10
94,23,1,23,4,1,1,1,6,7,2,0.844,6,0,10
94,23,1,24,4,1,1,1,4,3,2,1.338,6,0,10
94,23,1,25,4,1,2,2,2,5,2,100.000,6,0,10
94,23,1,26,4,1,2,2,6,5,1,1.474,6,0,10
94,23,1,27,4,1,2,2,1,6,2,100.000,6,0,10
94,23,1,28,4,1,1,1,4,1,1,100.000,6,0,10
94,23,1,15,3,2,1,1,2,6,2,1.522,6,0,10
94,23,1,16,3,2,1,1,4,6,2,1.316,6,0,10
94,23,1,17,3,2,2,2,5,7,2,100.000,6,0,10
94,23,1,18,3,2,1,1,1,6,2,1.126,6,0,10
94,23,1,19,3,2,1,1,7,3,1,100.000,6,0,10
94,23,1,20,3,2,1,1,1,3,2,1.296,6,0,10
94,23,1,21,3,2,1,1,4,2,1,100.000,6,0,10
95,27,2,1,1,3,2,2,2,5,2,100.000,8,12,6
95,27,2,2,1,3,2,2,6,5,1,0.680,8,12,6
95,27,2,3,1,3,2,2,2,7,2,100.000,8,12,6
95,27,2,4,1,3,2,1,7,6,1,-0.088,8,12,6
95,27,2,5,1,3,1,1,7,4,1,100.000,8,12,6
95,27,2,6,1,3,1,1,1,4,2,0.664,8,12,6
95,27,2,7,1,3,2,2,2,1,2,100.000,8,12,6
95,27,2,8,2,4,1,1,2,7,2,0.536,8,12,6
95,27,2,9,2,4,1,2,4,7,2,-0.024,8,12,6
95,27,2,10,2,4,2,2,7,5,1,0.356,8,12,6
95,27,2,11,2,4,2,2,4,3,1,1.260,8,12,6
95,27,2,12,2,4,1,1,3,2,1,100.000,8,12,6
95,27,2,13,2,4,2,2,1,5,2,100.000,8,12,6
95,27,2,14,2,4,1,1,4,6,2,1.028,8,12,6
95,27,2,15,3,2,1,1,1,4,2,0.682,8,12,6
95,27,2,16,3,2,2,2,3,2,1,1.068,8,12,6
95,27,2,17,3,2,2,2,1,7,2,100.000,8,12,6
95,27,2,18,3,2,1,1,5,1,1,100.000,8,12,6
95,27,2,19,3,2,1,1,4,5,2,1.126,8,12,6
95,27,2,20,3,2,2,2,3,5,2,100.000,8,12,6
95,27,2,21,3,2,1,1,5,6,2,1.536,8,12,6
95,27,2,22,4,1,1,1,4,7,2,0.810,8,12,6
95,27,2,23,4,1,1,1,3,6,2,0.616,8,12,6
95,27,2,24,4,1,1,1,7,2,1,100.000,8,12,6
95,27,2,25,4,1,1,1,3,5,2,0.954,8,12,6
95,27,2,26,4,1,2,2,2,4,2,100.000,8,12,6
95,27,2,27,4,1,2,2,4,5,2,100.000,8,12,6
95,27,2,28,4,1,2,2,3,1,1,0.986,8,12,6
96,23,1,1,1,2,1,1,2,3,2,1.946,4,8,10
96,23,1,2,1,2,2,2,4,2,1,2.414,4,8,10
96,23,1,3,1,2,1,1,1,4,2,2.220,4,8,10
96,23,1,4,1,2,1,1,1,3,2,1.638,4,8,10
96,23,1,5,1,2,1,1,3,4,2,2.434,4,8,10
96,23,1,6,1,2,2,2,2,5,1,3.008,4,8,10
96,23,1,7,1,2,1,1,5,4,2,3.582,4,8,10
96,23,1,8,2,1,2,2,7,6,1,1.052,4,8,10
96,23,1,9,2,1,1,1,2,4,2,0.888,4,8,10
96,23,1,10,2,1,2,2,6,2,1,1.050,4,8,10
96,23,1,11,2,1,1,1,5,3,1,1.130,4,8,10
96,23,1,12,2,1,1,1,2,3,2,0.818,4,8,10
96,23,1,13,2,1,2,2,6,4,1,0.752,4,8,10
96,23,1,14,2,1,2,2,1,2,2,100.000,4,8,10
96,23,1,15,3,4,1,1,6,3,1,100.000,4,8,10
96,23,1,16,3,4,2,2,1,6,2,100.000,4,8,10
96,23,1,17,3,4,1,1,1,7,2,0.142,4,8,10
96,23,1,18,3,4,1,1,2,5,2,1.160,4,8,10
96,23,1,19,3,4,2,2,7,2,1,0.690,4,8,10
96,23,1,20,3,4,2,2,2,4,2,100.000,4,8,10
96,23,1,21,3,4,1,1,5,4,2,1.696,4,8,10
96,23,1,22,4,3,2,2,7,2,1,0.182,4,8,10
96,23,1,23,4,3,2,2,4,1,1,0.102,4,8,10
96,23,1,24,4,3,1,1,7,4,1,100.000,4,8,10
96,23,1,25,4,3,2,2,6,7,2,100.000,4,8,10
96,23,1,26,4,3,1,1,2,3,2,0.212,4,8,10
96,23,1,27,4,3,1,1,6,3,1,100.000,4,8,10
96,23,1,28,4,3,1,1,1,5,2,0.348,4,8,10
97,19,1,1,1,4,1,2,3,2,1,0.544,2,3,8
97,19,1,2,1,4,2,2,6,7,2,1.328,2,3,8
97,19,1,3,1,4,2,2,5,3,1,3.472,2,3,8
97,19,1,4,1,4,1,1,4,3,1,100.000,2,3,8
97,19,1,5,1,4,1,1,6,5,1,100.000,2,3,8
97,19,1,6,1,4,2,2,4,7,2,100.000,2,3,8
97,19,1,7,1,4,2,2,6,2,1,1.306,2,3,8
97,19,1,8,2,3,2,2,2,5,2,100.000,2,3,8
97,19,1,9,2,3,1,1,5,4,2,0.234,2,3,8
97,19,1,10,2,3,1,1,1,6,2,0.710,2,3,8
97,19,1,11,2,3,2,2,6,4,2,100.000,2,3,8
97,19,1,12,2,3,1,1,7,3,1,100.000,2,3,8
97,19,1,13,2,3,2,2,5,3,1,0.552,2,3,8
97,19,1,14,2,3,2,2,6,2,1,0.402,2,3,8
97,19,1,15,3,1,1,1,4,1,1,100.000,2,3,8
97,19,1,16,3,1,1,1,2,7,2,0.972,2,3,8
97,19,1,17,3,1,1,1,5,7,2,0.784,2,3,8
97,19,1,18,3,1,1,1,4,7,2,0.614,2,3,8
97,19,1,19,3,1,2,2,4,5,2,100.000,2,3,8
97,19,1,20,3,1,2,2,5,2,1,0.684,2,3,8
97,19,1,21,3,1,1,1,3,1,2,1.478,2,3,8
97,19,1,22,4,2,1,1,2,7,2,0.728,2,3,8
97,19,1,23,4,2,2,2,3,6,2,100.000,2,3,8
97,19,1,24,4,2,1,1,7,5,1,100.000,2,3,8
97,19,1,25,4,2,2,2,5,6,2,100.000,2,3,8
97,19,1,26,4,2,1,1,6,2,1,100.000,2,3,8
97,19,1,27,4,2,2,2,3,7,2,100.000,2,3,8
97,19,1,28,4,2,1,1,5,3,1,100.000,2,3,8
98,24,2,8,2,4,1,1,2,1,1,3.392,6,3,13
98,24,2,9,2,4,1,1,3,1,2,3.850,6,3,13
98,24,2,10,2,4,1,1,7,3,1,100.000,6,3,13
98,24,2,11,2,4,1,1,1,4,2,2.276,6,3,13
98,24,2,12,2,4,1,1,6,4,1,100.000,6,3,13
98,24,2,13,2,4,1,1,7,5,1,100.000,6,3,13
98,24,2,14,2,4,1,1,5,1,1,100.000,6,3,13
98,24,2,1,1,3,2,2,7,5,1,0.516,6,3,13
98,24,2,2,1,3,1,1,1,2,1,0.904,6,3,13
98,24,2,3,1,3,2,2,4,2,1,0.196,6,3,13
98,24,2,4,1,3,1,1,6,5,2,1.040,6,3,13
98,24,2,5,1,3,1,1,7,1,1,100.000,6,3,13
98,24,2,6,1,3,2,2,1,3,2,100.000,6,3,13
98,24,2,7,1,3,1,1,4,3,1,0.982,6,3,13
98,24,2,22,4,2,2,2,6,7,2,100.000,6,3,13
98,24,2,23,4,2,2,2,7,1,1,1.154,6,3,13
98,24,2,24,4,2,1,1,1,2,1,3.186,6,3,13
98,24,2,25,4,2,1,1,1,6,2,1.246,6,3,13
98,24,2,26,4,2,1,1,1,5,2,0.880,6,3,13
98,24,2,27,4,2,1,1,4,6,2,0.976,6,3,13
98,24,2,28,4,2,1,1,4,7,2,1.386,6,3,13
98,24,2,15,3,1,1,1,5,1,1,100.000,6,3,13
98,24,2,16,3,1,2,2,7,1,1,0.928,6,3,13
98,24,2,17,3,1,2,2,3,4,2,1.558,6,3,13
98,24,2,18,3,1,1,1,6,1,1,100.000,6,3,13
98,24,2,19,3,1,2,2,3,7,2,100.000,6,3,13
98,24,2,20,3,1,2,2,3,6,2,100.000,6,3,13
98,24,2,21,3,1,1,1,6,5,2,1.182,6,3,13
99,23,1,1,1,2,1,1,3,1,1,100.000,4,0,13
99,23,1,2,1,2,1,1,2,6,2,1.444,4,0,13
99,23,1,3,1,2,1,1,7,2,1,100.000,4,0,13
99,23,1,4,1,2,1,1,3,5,2,1.320,4,0,13
99,23,1,5,1,2,2,2,5,2,1,1.224,4,0,13
99,23,1,6,1,2,1,1,3,2,1,100.000,4,0,13
99,23,1,7,1,2,2,2,6,5,2,100.000,4,0,13
99,23,1,8,2,1,2,2,2,6,2,100.000,4,0,13
99,23,1,9,2,1,1,1,1,6,2,0.872,4,0,13
99,23,1,10,2,1,1,1,4,2,1,100.000,4,0,13
99,23,1,11,2,1,2,2,4,3,2,100.000,4,0,13
99,23,1,12,2,1,1,1,3,2,1,100.000,4,0,13
99,23,1,13,2,1,1,1,5,6,1,100.000,4,0,13
99,23,1,14,2,1,1,1,7,2,1,100.000,4,0,13
99,23,1,15,3,4,1,1,4,6,2,1.114,4,0,13
99,23,1,16,3,4,2,2,7,6,1,1.572,4,0,13
99,23,1,17,3,4,1,1,5,6,2,0.410,4,0,13
99,23,1,18,3,4,1,1,3,7,2,0.266,4,0,13
99,23,1,19,3,4,1,1,1,5,2,0.378,4,0,13
99,23,1,20,3,4,1,1,5,7,2,0.210,4,0,13
99,23,1,21,3,4,1,1,3,6,2,0.154,4,0,13
99,23,1,22,4,3,2,2,2,4,2,100.000,4,0,13
99,23,1,23,4,3,1,1,5,1,1,100.000,4,0,13
99,23,1,24,4,3,2,2,1,4,2,100.000,4,0,13
99,23,1,25,4,3,2,2,7,6,1,0.402,4,0,13
99,23,1,26,4,3,1,1,4,5,2,0.510,4,0,13
99,23,1,27,4,3,1,1,5,6,1,100.000,4,0,13
99,23,1,28,4,3,2,2,2,6,2,100.000,4,0,13
100,20,1,1,1,2,2,2,7,3,1,1.118,2,0,15
100,20,1,2,1,2,2,2,7,6,1,1.140,2,0,15
100,20,1,3,1,2,1,1,2,1,2,3.024,2,0,15
100,20,1,4,1,2,2,2,6,3,1,3.618,2,0,15
100,20,1,5,1,2,2,2,1,7,2,100.000,2,0,15
100,20,1,6,1,2,1,1,6,4,1,100.000,2,0,15
100,20,1,7,1,2,2,2,2,4,2,100.000,2,0,15
100,20,1,8,2,1,1,1,1,4,2,1.306,2,0,15
100,20,1,9,2,1,1,1,1,3,1,100.000,2,0,15
100,20,1,10,2,1,1,1,7,4,1,100.000,2,0,15
100,20,1,11,2,1,2,2,6,3,1,1.290,2,0,15
100,20,1,12,2,1,1,1,7,5,1,100.000,2,0,15
100,20,1,13,2,1,2,2,5,4,1,1.124,2,0,15
100,20,1,14,2,1,2,2,7,3,1,1.048,2,0,15
100,20,1,15,3,3,2,2,5,2,1,0.660,2,0,15
100,20,1,16,3,3,1,1,3,7,2,0.534,2,0,15
100,20,1,17,3,3,1,1,3,2,1,0.776,2,0,15
100,20,1,18,3,3,1,1,1,7,2,0.436,2,0,15
100,20,1,19,3,3,1,1,4,7,2,0.164,2,0,15
100,20,1,20,3,3,1,1,3,4,1,0.986,2,0,15
100,20,1,21,3,3,2,2,3,5,1,0.826,2,0,15
100,20,1,22,4,4,2,2,2,7,2,100.000,2,0,15
100,20,1,23,4,4,2,2,6,1,1,1.762,2,0,15
100,20,1,24,4,4,1,1,1,2,1,100.000,2,0,15
100,20,1,25,4,4,2,2,4,2,1,1.538,2,0,15
100,20,1,26,4,4,2,2,3,5,2,100.000,2,0,15
100,20,1,27,4,4,1,1,4,1,1,100.000,2,0,15
100,20,1,28,4,4,2,2,7,4,1,1.104,2,0,15
101,18,1,1,1,2,1,1,7,4,1,100.000,1,0,12
101,18,1,2,1,2,1,1,6,1,1,100.000,1,0,12
101,18,1,3,1,2,1,1,4,1,1,100.000,1,0,12
101,18,1,4,1,2,1,1,4,5,2,1.314,1,0,12
101,18,1,5,1,2,1,1,4,3,1,3.486,1,0,12
101,18,1,6,1,2,1,1,5,7,2,1.170,1,0,12
101,18,1,7,1,2,1,1,5,1,1,100.000,1,0,12
101,18,1,8,2,1,2,2,2,5,2,100.000,1,0,12
101,18,1,9,2,1,2,2,1,7,2,100.000,1,0,12
101,18,1,10,2,1,1,1,1,5,2,0.966,1,0,12
101,18,1,11,2,1,2,2,4,6,2,100.000,1,0,12
101,18,1,12,2,1,2,2,2,1,1,1.526,1,0,12
101,18,1,13,2,1,1,1,3,5,2,0.738,1,0,12
101,18,1,14,2,1,2,2,6,7,2,100.000,1,0,12
101,18,1,15,3,4,1,1,1,3,2,0.902,1,0,12
101,18,1,16,3,4,2,2,2,6,2,100.000,1,0,12
101,18,1,17,3,4,1,2,2,3,2,-0.180,1,0,12
101,18,1,18,3,4,1,1,4,5,1,2.980,1,0,12
101,18,1,19,3,4,1,1,5,2,1,100.000,1,0,12
101,18,1,20,3,4,1,1,3,4,2,2.076,1,0,12
101,18,1,21,3,4,1,1,7,1,1,100.000,1,0,12
101,18,1,22,4,3,2,2,2,7,2,100.000,1,0,12
101,18,1,23,4,3,2,2,4,6,2,100.000,1,0,12
101,18,1,24,4,3,1,1,2,1,1,100.000,1,0,12
101,18,1,25,4,3,2,2,3,1,1,0.180,1,0,12
101,18,1,26,4,3,2,2,5,7,2,100.000,1,0,12
101,18,1,27,4,3,1,1,6,1,1,100.000,1,0,12
101,18,1,28,4,3,1,1,3,6,2,0.324,1,0,12
102,19,1,1,1,1,2,2,6,5,2,1.380,2,1,8
102,19,1,2,1,1,2,2,4,7,2,100.000,2,1,8
102,19,1,3,1,1,1,1,3,6,2,1.298,2,1,8
102,19,1,4,1,1,2,2,5,7,2,100.000,2,1,8
102,19,1,5,1,1,2,2,4,1,1,1.058,2,1,8
102,19,1,6,1,1,2,2,3,1,1,1.382,2,1,8
102,19,1,7,1,1,1,1,7,1,1,100.000,2,1,8
102,19,1,8,2,2,2,2,5,3,1,1.770,2,1,8
102,19,1,9,2,2,2,2,6,2,1,1.290,2,1,8
102,19,1,10,2,2,1,1,6,7,2,0.996,2,1,8
102,19,1,11,2,2,2,2,1,4,2,100.000,2,1,8
102,19,1,12,2,2,2,2,4,6,2,100.000,2,1,8
102,19,1,13,2,2,2,2,1,2,1,2.686,2,1,8
102,19,1,14,2,2,2,2,2,7,2,100.000,2,1,8
102,19,1,15,3,3,2,2,4,3,2,100.000,2,1,8
102,19,1,16,3,3,2,2,6,3,1,0.468,2,1,8
102,19,1,17,3,3,2,2,1,6,2,100.000,2,1,8
102,19,1,18,3,3,1,1,6,2,1,100.000,2,1,8
102,19,1,19,3,3,1,1,7,5,1,100.000,2,1,8
102,19,1,20,3,3,1,1,1,3,2,0.350,2,1,8
102,19,1,21,3,3,2,2,5,4,2,100.000,2,1,8
102,19,1,22,4,4,2,2,3,2,1,0.768,2,1,8
102,19,1,23,4,4,2,2,7,5,1,0.332,2,1,8
102,19,1,24,4,4,2,2,1,7,2,100.000,2,1,8
102,19,1,25,4,4,1,1,6,2,1,100.000,2,1,8
102,19,1,26,4,4,2,2,7,3,1,0.008,2,1,8
102,19,1,27,4,4,1,1,1,6,2,0.200,2,1,8
102,19,1,28,4,4,1,1,6,7,2,0.524,2,1,8
103,18,1,8,2,3,2,2,7,3,1,0.996,2,0,10
103,18,1,9,2,3,2,2,7,4,2,100.000,2,0,10
103,18,1,10,2,3,2,2,2,3,2,100.000,2,0,10
103,18,1,11,2,3,2,2,6,5,1,1.106,2,0,10
103,18,1,12,2,3,1,1,5,3,2,1.024,2,0,10
103,18,1,13,2,3,1,1,7,2,1,100.000,2,0,10
103,18,1,14,2,3,2,2,1,2,2,100.000,2,0,10
103,18,1,1,1,4,1,1,4,7,2,1.908,2,0,10
103,18,1,2,1,4,2,2,4,3,1,3.874,2,0,10
103,18,1,3,1,4,1,1,2,4,2,1.060,2,0,10
103,18,1,4,1,4,2,2,5,4,2,100.000,2,0,10
103,18,1,5,1,4,1,1,5,3,1,100.000,2,0,10
103,18,1,6,1,4,2,2,1,4,2,100.000,2,0,10
103,18,1,7,1,4,2,2,6,4,1,2.266,2,0,10
103,18,1,22,4,1,2,2,2,4,1,1.388,2,0,10
103,18,1,23,4,1,1,1,3,4,2,1.042,2,0,10
103,18,1,24,4,1,2,2,2,7,1,1.528,2,0,10
103,18,1,25,4,1,2,2,5,1,1,1.188,2,0,10
103,18,1,26,4,1,1,1,4,5,2,0.982,2,0,10
103,18,1,27,4,1,2,2,5,3,1,0.806,2,0,10
103,18,1,28,4,1,1,1,5,2,1,100.000,2,0,10
103,18,1,15,3,2,2,2,5,4,1,1.396,2,0,10
103,18,1,16,3,2,1,1,2,5,2,0.866,2,0,10
103,18,1,17,3,2,2,2,1,3,2,100.000,2,0,10
103,18,1,18,3,2,1,1,7,1,1,3.154,2,0,10
103,18,1,19,3,2,1,1,3,7,2,1.246,2,0,10
103,18,1,20,3,2,2,2,4,7,2,100.000,2,0,10
103,18,1,21,3,2,2,2,1,6,2,100.000,2,0,10
104,19,1,1,1,3,1,1,2,5,2,0.874,2,0,11
104,19,1,2,1,3,1,1,6,4,1,100.000,2,0,11
104,19,1,3,1,3,1,1,6,7,2,0.418,2,0,11
104,19,1,4,1,3,1,1,4,2,1,100.000,2,0,11
104,19,1,5,1,3,2,2,7,1,1,0.198,2,0,11
104,19,1,6,1,3,1,1,4,1,2,0.888,2,0,11
104,19,1,7,1,3,2,2,1,5,1,1.086,2,0,11
104,19,1,8,2,4,2,2,2,1,2,100.000,2,0,11
104,19,1,9,2,4,2,2,6,3,1,3.148,2,0,11
104,19,1,10,2,4,2,2,6,5,1,3.472,2,0,11
104,19,1,11,2,4,2,2,3,1,2,100.000,2,0,11
104,19,1,12,2,4,2,2,2,5,2,100.000,2,0,11
104,19,1,13,2,4,1,1,7,2,1,100.000,2,0,11
104,19,1,14,2,4,2,2,5,1,1,3.942,2,0,11
104,19,1,15,3,2,2,2,2,3,1,3.744,2,0,11
104,19,1,16,3,2,2,2,3,4,1,3.496,2,0,11
104,19,1,17,3,2,1,1,3,6,2,0.934,2,0,11
104,19,1,18,3,2,2,2,7,5,1,0.856,2,0,11
104,19,1,19,3,2,1,1,4,2,2,3.206,2,0,11
104,19,1,20,3,2,2,2,1,5,2,100.000,2,0,11
104,19,1,21,3,2,1,1,5,6,1,100.000,2,0,11
104,19,1,22,4,1,1,1,3,7,2,0.874,2,0,11
104,19,1,23,4,1,1,1,6,4,1,100.000,2,0,11
104,19,1,24,4,1,2,2,2,3,1,1.562,2,0,11
104,19,1,25,4,1,1,1,6,2,1,100.000,2,0,11
104,19,1,26,4,1,2,2,6,1,1,0.996,2,0,11
104,19,1,27,4,1,1,1,7,6,1,100.000,2,0,11
104,19,1,28,4,1,1,1,1,2,1,100.000,2,0,11
105,21,1,1,1,1,1,1,4,3,1,100.000,3,0,4
105,21,1,2,1,1,2,2,1,3,2,100.000,3,0,4
105,21,1,3,1,1,2,2,7,2,1,0.968,3,0,4
105,21,1,4,1,1,2,2,1,6,2,100.000,3,0,4
105,21,1,5,1,1,2,2,1,5,2,100.000,3,0,4
105,21,1,6,1,1,2,2,3,5,2,100.000,3,0,4
105,21,1,7,1,1,2,2,7,4,1,0.868,3,0,4
105,21,1,8,2,2,2,2,2,6,2,100.000,3,0,4
105,21,1,9,2,2,1,1,7,6,1,100.000,3,0,4
105,21,1,10,2,2,2,2,2,1,2,100.000,3,0,4
105,21,1,11,2,2,2,2,4,5,2,100.000,3,0,4
105,21,1,12,2,2,2,2,5,1,1,0.976,3,0,4
105,21,1,13,2,2,1,1,1,7,2,0.794,3,0,4
105,21,1,14,2,2,2,2,7,2,1,0.968,3,0,4
105,21,1,15,3,4,2,2,7,1,1,0.802,3,0,4
105,21,1,16,3,4,2,2,1,3,2,100.000,3,0,4
105,21,1,17,3,4,1,1,7,4,1,100.000,3,0,4
105,21,1,18,3,4,2,2,4,1,1,2.088,3,0,4
105,21,1,19,3,4,2,2,2,3,2,100.000,3,0,4
105,21,1,20,3,4,1,1,4,2,1,100.000,3,0,4
105,21,1,21,3,4,2,2,3,7,2,100.000,3,0,4
105,21,1,22,4,3,2,2,5,6,2,100.000,3,0,4
105,21,1,23,4,3,1,1,5,7,2,0.266,3,0,4
105,21,1,24,4,3,1,1,4,6,2,0.374,3,0,4
105,21,1,25,4,3,1,1,2,6,2,0.492,3,0,4
105,21,1,26,4,3,2,2,6,1,1,0.186,3,0,4
105,21,1,27,4,3,2,2,3,6,2,100.000,3,0,4
105,21,1,28,4,3,2,2,3,4,2,100.000,3,0,4
106,21,1,8,2,4,1,1,6,1,2,3.472,2,0,4
106,21,1,9,2,4,2,2,1,2,2,100.000,2,0,4
106,21,1,10,2,4,1,1,7,6,1,-7.174,2,0,4
106,21,1,11,2,4,2,2,4,6,1,3.540,2,0,4
106,21,1,12,2,4,2,2,3,4,2,100.000,2,0,4
106,21,1,13,2,4,2,2,5,2,1,3.786,2,0,4
106,21,1,14,2,4,1,1,2,6,2,3.696,2,0,4
106,21,1,1,1,3,1,1,3,5,2,1.020,2,0,4
106,21,1,2,1,3,2,2,4,5,1,1.116,2,0,4
106,21,1,3,1,3,1,1,2,7,2,0.698,2,0,4
106,21,1,4,1,3,1,1,7,6,1,100.000,2,0,4
106,21,1,5,1,3,1,1,3,1,1,100.000,2,0,4
106,21,1,6,1,3,1,1,2,4,2,0.384,2,0,4
106,21,1,7,1,3,2,2,5,1,1,0.346,2,0,4
106,21,1,22,4,2,1,1,6,3,1,2.156,2,0,4
106,21,1,23,4,2,2,2,5,7,2,100.000,2,0,4
106,21,1,24,4,2,2,2,6,1,1,1.482,2,0,4
106,21,1,25,4,2,1,1,6,5,1,100.000,2,0,4
106,21,1,26,4,2,2,2,7,4,1,1.006,2,0,4
106,21,1,27,4,2,1,1,5,2,1,100.000,2,0,4
106,21,1,28,4,2,2,2,3,2,1,1.966,2,0,4
106,21,1,15,3,1,1,1,2,6,2,0.908,2,0,4
106,21,1,16,3,1,2,2,1,4,2,100.000,2,0,4
106,21,1,17,3,1,2,2,3,2,1,0.850,2,0,4
106,21,1,18,3,1,1,1,5,4,1,100.000,2,0,4
106,21,1,19,3,1,1,1,2,5,2,0.918,2,0,4
106,21,1,20,3,1,1,1,4,6,2,0.620,2,0,4
106,21,1,21,3,1,2,2,4,2,1,0.810,2,0,4
